指标名称,7天回购利率:加权平均:最近1月(B1M):月:平均值,短期贷款利率:6个月(含)(月),中债国债到期收益率:5年:月:平均值,中间价:新西兰元兑人民币:月:平均值,银行间同业拆借:成交金额:30天:当月值,金融机构:本外币贷款余额:初值:同比,金融机构:新增人民币贷款:当月值,金融机构:各项存款余额:同比,货币当局:储备货币:其他存款性公司存款,货币当局:国外负债,货币当局:自有资金,M0:同比,M1:同比,现金净投放:当月值,基础货币余额:同比:月:均值,出口价格指数(HS2):总指数,出口价格指数(BEC):食品和饮料,出口价格指数(BEC):加工品,出口价格指数(BEC):资本货品(运输设备除外)及其零件和附件,出口价格指数(BEC):运输设备及其零件和附件,出口价格指数(BEC):未列名的消费品,进口价格指数(BEC):加工品,进口价格指数(BEC):资本货品(运输设备除外)及其零件和附件,进口价格指数(BEC):运输设备及其零件和附件,进口价格指数(BEC):未列名的消费品,进口价格指数(BEC):未列名的消费品:耐用品,进口价格指数(BEC):未列名的消费品:非耐用品,出口价格指数(BEC):未列名的消费品:非耐用品,实际使用外资金额:外商直接投资:当月同比,CPI:食品:当月同比,CPI:居住:当月同比,CPI:生活用品及服务:当月同比,CPI:交通和通信:当月同比,CPI:教育文化和娱乐:当月同比,PPI:全部工业品:环比,PPI:生活资料:衣着类:当月同比,PPI:生活资料:耐用消费品类:当月同比,RPI:当月同比,CGPI:煤油电:当月同比,GDP:现价:累计同比:月:均值,GDP:初步核算数:当季同比:月:均值,社会融资规模:当月值,社会融资规模:累计值,上证所:平均市盈率,上证所:A股平均市盈率,上证综合指数:月:平均值,上证A股指数:月:平均值,换手率:上证综合指数:月:平均值,涨跌幅:上证综合指数:月:平均值,市净率:万得全A:月:平均值
201301,3.174647059,5.6,3.2766,5.22328,336.89,16.1,6200.0,14.6,184549.71,1076.51,219.75,17.2,9.5,-2136.0,3.966666667,99.8,101.3,98.5,93.1,94.6,108.3,90.9,100.8,102.9,99.3,100.9,97.9,100.5,6.32,5.9872,2.8006,1.589,0.2258,1.9658,0.15,1.5,-0.84,0.021,-1.9,3.353333333,2.566666667,10705.0,36151.45,12.9,12.89,2380.3634,2491.569,0.619346667,-0.047873667,1.862260714
201302,3.301504762,5.6,3.291057143,5.14652381,766.6,16.0,10625.0,15.6,192318.96,1295.98,219.75,12.4,11.9,-4589.0,3.966666667,99.1,102.8,99.7,95.6,95.1,108.7,89.7,103.1,103.4,98.1,101.0,91.9,106.3,5.65,2.6775,2.9187,1.6209,-0.2641,1.7207,-0.03,1.38,-0.79,0.008,-2.7,3.353333333,2.566666667,25503.0,61654.0,12.19,12.18,2296.431095,2403.647571,0.561942857,-0.256606714,1.788570968
201303,3.211561905,5.6,3.204061905,5.237841667,588.26,16.1,7923.0,16.2,190587.96,1267.65,219.75,10.8,11.9,147.0,4.333333333,99.9,104.5,102.7,96.3,97.0,105.4,90.7,106.9,99.1,101.7,97.1,105.4,104.0,0.4,4.0474,2.8892,1.5749,-1.1015,1.5046,-0.55,1.31,-0.6,0.009,-5.0,3.07,2.5,17629.0,79283.0,11.89,11.89,2211.796056,2314.957778,0.420194444,-0.142695611,1.688423333
201304,3.415759091,5.6,3.129681818,5.060915909,748.42,15.6,6694.0,16.2,189818.91,1220.51,219.75,10.8,11.3,-1258.0,4.333333333,99.1,101.6,99.9,99.0,96.6,101.0,90.2,101.0,100.8,98.7,101.3,101.1,99.9,0.29,3.225,2.9973,1.5657,-1.187,1.3171,-0.62,1.23,-0.81,0.007,-5.8,3.07,2.5,11871.0,91154.0,11.81,11.81,2264.514773,2370.196409,0.525509091,0.252206682,1.697470968
201305,5.566931579,5.6,3.323942105,4.852270588,160.51,15.1,8628.0,14.3,197945.13,1127.07,219.75,9.9,9.1,-463.0,4.333333333,99.3,100.2,99.8,99.5,98.8,102.8,92.6,97.3,101.7,95.3,112.6,81.8,105.0,20.12,4.9261,3.0718,1.4953,-0.7161,1.3554,-0.55,1.03,-0.81,0.014,-4.4,3.07,2.5,10375.0,101529.0,10.17,10.16,2119.149176,2217.954235,0.455676471,-0.869303353,1.63246
201306,5.126486957,5.6,3.463552174,4.835508696,352.31,15.0,6997.0,14.6,194757.45,1162.07,219.75,9.5,9.7,349.0,3.833333333,97.7,99.3,100.7,90.6,96.9,101.0,94.7,99.6,99.6,96.6,104.7,95.4,101.9,24.13,5.0158,2.765,1.386,-0.0549,1.3205,-0.33,1.04,-0.86,0.017,-2.2,3.14,2.6,8191.0,109720.0,10.26,10.26,2013.649261,2107.525348,0.437443478,0.040506217,1.588193548
201307,4.171727273,5.6,3.816777273,4.846772727,254.99,14.6,7128.0,14.9,197005.76,1425.71,219.75,9.3,9.9,513.0,3.833333333,97.9,101.6,101.5,92.5,94.4,102.0,95.8,98.9,103.5,96.7,107.7,91.3,103.1,0.62,4.7285,2.6224,1.391,0.0493,1.2297,0.14,1.08,-0.98,0.016,-1.7,3.14,2.6,15841.0,125561.0,10.8,10.8,2073.816955,2170.502045,0.489313636,0.236251045,1.635683871
201308,3.847457143,5.6,3.948295238,4.954797368,446.83,14.6,7870.0,14.6,200096.74,1817.84,219.75,5.7,8.9,1480.0,3.833333333,100.7,102.9,101.9,98.8,95.4,101.8,94.8,95.4,101.8,105.7,99.8,112.5,104.3,4.88,6.0988,2.622,1.3763,-0.1717,1.9135,0.23,1.03,-0.93,0.019,-1.8,3.14,2.6,14120.0,139681.0,11.2,11.19,2185.347053,2287.635737,0.676152632,0.195015737,1.67581
201309,4.043,5.6,3.961131579,5.094638889,439.5,14.3,5060.0,14.5,197174.96,1479.11,219.75,8.0,8.9,-897.0,2.466666667,100.1,104.4,104.2,94.3,88.1,106.6,95.3,93.5,105.0,103.5,95.2,99.7,106.7,1.24,6.5486,2.5968,1.5244,-0.611,2.4867,0.0,1.21,-1.05,0.019,-2.1,3.18,2.566666667,8645.0,148326.0,11.05,11.05,2186.705944,2288.845833,0.561416667,-0.079628778,1.683412903
201310,4.461561905,5.6,4.339895238,5.035961905,390.25,14.2,6246.0,14.5,198062.92,1875.83,219.75,7.7,9.4,846.0,2.466666667,97.8,100.7,99.0,94.6,92.5,101.6,95.6,96.6,98.5,100.6,99.0,104.2,99.9,2.35,5.9414,2.6214,1.3345,-0.5312,2.8205,-0.03,1.19,-1.04,0.0167,-2.1,3.18,2.566666667,12310.0,160636.0,11.47,11.46,2161.967714,2263.108952,0.442157143,0.176996857,1.61182
201311,4.992954545,5.6,4.43195,4.993809091,351.6,13.9,4824.0,13.8,206042.17,2088.27,219.75,7.1,9.3,2117.0,2.466666667,100.1,103.1,102.0,99.2,99.0,98.9,101.7,94.0,99.1,106.6,98.3,112.9,102.3,3.3,4.0532,2.7736,1.3503,-0.102,2.8689,0.01,1.08,-1.14,0.0125,-1.5,3.18,2.566666667,12532.0,173169.0,10.99,10.99,2163.378955,2264.399455,0.396854545,-0.214935909,1.619251613
201312,5.018936364,5.6,4.372840909,5.006652381,461.59,14.0,13190.0,11.3,201979.15,1975.68,219.75,22.5,1.2,17900.0,2.766666667,98.7,99.2,96.5,94.1,98.5,99.2,104.9,93.2,93.2,100.3,103.6,92.9,102.9,16.11,3.6718,2.8172,1.4724,0.1975,3.3457,-0.05,0.72,-1.24,0.0111,-1.6,2.623333333,2.466666667,26004.0,26004.0,10.57,10.57,2036.281429,2130.982857,0.31202381,-0.186424714,1.554706452
201401,4.740329412,5.6,4.179382353,5.05576875,219.95,13.9,6448.0,12.5,204697.51,1696.7,219.75,3.3,6.9,-14200.0,2.766666667,99.2,96.4,93.4,96.9,96.1,106.3,104.4,94.4,105.4,94.8,103.6,89.7,101.8,4.05,2.6508,2.7975,1.2543,-0.4127,2.1419,-0.2,0.7705,-1.0625,0.007519,-3.3,2.623333333,2.466666667,9370.0,35400.0,10.73,10.73,2091.48525,2189.318688,0.53565625,0.07659775,1.604375
201402,3.215019048,5.6,4.158061905,5.236461905,393.97,13.7,10497.0,11.4,209925.3,1998.79,219.75,5.2,5.4,-3942.0,2.766666667,96.6,99.8,99.4,100.3,94.2,99.8,105.3,101.9,100.6,98.1,99.5,96.3,97.0,-1.47,4.0724,2.5155,1.2305,-0.395,2.1197,-0.3,0.8281,-0.9415,0.012,-3.8,2.623333333,2.466666667,20934.0,56042.0,10.65,10.66,2036.629,2132.140714,0.461833333,-0.04789119,1.561593548
201403,3.557114286,5.6,4.113728571,5.314428571,674.58,13.4,7745.0,10.9,208440.7,1462.04,219.75,5.4,5.5,286.0,2.866666667,96.7,100.3,100.0,97.0,96.6,97.6,104.0,108.4,99.3,106.8,98.7,110.8,94.3,3.4,2.2862,2.4028,1.2159,0.0524,1.9794,-0.2474,0.7292,-0.7782,0.008073,-3.0,2.826666667,2.5,15259.0,71301.0,10.65,10.65,2074.381714,2171.844,0.411090476,-0.012277619,1.548346667
201404,3.33172381,5.6,4.02172381,5.317505,464.35,13.6,8708.0,10.6,210235.09,1330.31,219.75,6.7,5.7,-564.0,2.866666667,98.8,101.8,100.2,98.8,96.2,99.9,103.7,112.1,100.0,102.6,97.7,107.1,100.2,-6.7,4.102,2.3336,1.185,0.5781,2.1214,-0.0551,0.8184,-0.6005,0.016468,-1.5,2.826666667,2.5,14013.0,85314.0,9.77,9.76,2029.75265,2125.0063,0.313095,0.03406475,1.463054839
201405,3.21037,5.6,3.848375,5.32193,306.91,13.7,10793.0,12.6,216638.19,1477.31,219.75,5.3,8.9,-1100.0,2.866666667,98.5,105.2,104.2,98.0,92.9,100.7,101.6,97.2,100.7,86.1,96.9,76.7,100.7,0.2,3.6831,2.2273,1.2149,0.6425,2.0984,-0.2138,0.794,-0.8894,0.016046,-1.0,2.826666667,2.5,19673.0,105675.0,9.81,9.8,2043.0152,2139.1411,0.32951,0.02447965,1.501796667
201406,3.700865217,5.6,3.989552174,5.36186087,414.4,13.3,3852.0,10.9,213556.06,1348.45,219.75,5.4,6.7,395.0,2.8,99.2,103.4,101.8,98.8,96.3,102.5,101.9,97.5,104.3,106.0,103.9,115.4,101.7,-16.95,3.598,2.0186,1.1317,0.6774,2.1223,-0.0926,0.7373,-0.8809,0.015776,-0.6,2.856666667,2.433333333,2737.0,108412.0,10.59,10.58,2086.229261,2184.339522,0.533421739,0.316663087,1.582554839
201407,3.669685714,5.6,3.983857143,5.193704762,247.42,13.2,7025.0,10.1,214070.65,1398.31,219.75,5.6,5.7,651.0,2.8,100.5,103.0,101.1,99.7,94.7,103.3,99.8,94.2,102.9,104.2,102.7,114.0,99.5,-14.0,3.0457,1.8505,1.0872,0.1774,1.9383,-0.1978,0.6654,-0.7794,0.011828,-1.6,2.856666667,2.433333333,9577.0,117989.0,10.69,10.68,2218.362095,2322.473048,0.652495238,0.036617429,1.676712903
201408,3.3685,5.6,3.964331818,5.017342857,246.46,13.0,8572.0,9.3,219754.43,1964.0,219.75,4.2,4.8,848.0,2.8,102.1,102.0,99.6,100.6,93.1,108.4,99.5,103.7,97.4,94.3,100.5,86.3,101.5,1.9,2.3228,1.6464,1.1247,-0.3425,1.8837,-0.4,0.6506,-0.8335,0.006632,-3.9,2.856666667,2.433333333,11355.0,128441.0,11.49,11.48,2317.069857,2425.662619,0.815314286,0.308844524,1.721023333
201409,3.089884211,5.6,3.680973684,4.83865,470.22,12.9,5483.0,9.5,215605.33,1629.25,219.75,3.8,3.2,-1153.0,2.833333333,101.9,205.2,99.5,104.2,102.5,103.8,99.4,101.6,97.9,92.0,103.4,81.2,97.3,1.3,2.4955,1.6459,1.1845,-0.3452,1.0739,-0.4,0.5129,-0.6879,0.006137,-5.2,3.963333333,2.433333333,6807.0,135248.0,11.81,11.8,2354.653889,2465.197056,0.832838889,0.134605944,1.751212903
201410,3.172505,5.6,3.43071,4.805805,451.02,13.0,8527.0,9.6,215544.73,1481.9,219.75,3.5,3.2,747.0,2.833333333,99.5,103.2,101.6,102.0,95.7,99.9,95.6,97.5,102.2,99.4,97.7,102.2,98.9,22.2,2.3086,1.3533,1.1732,-0.812,0.9786,-0.4926,0.5032,-0.6888,0.00437,-7.1,3.963333333,2.433333333,11459.0,146707.0,13.15,13.14,2493.2602,2610.75645,1.153055,0.52058855,1.77321
201411,3.818756522,5.6,3.583865217,4.760634783,313.85,13.3,6973.0,9.1,226941.74,1833.83,219.75,2.9,3.2,1820.0,2.833333333,100.2,100.5,98.9,104.1,98.1,100.1,92.9,93.2,103.3,92.8,97.9,89.2,98.2,10.3,2.8564,1.0072,1.1306,-1.4023,0.874,-0.6297,0.5658,-0.5796,0.003648,-10.2,3.963333333,2.433333333,16945.0,164571.0,15.99,15.99,2994.525609,3137.112652,1.999195652,0.840222652,2.058458065
201412,4.317485714,5.6,3.434819048,4.695075,135.33,13.7,14707.0,13.7,218882.75,1561.64,219.75,-17.6,10.6,2781.0,2.566666667,100.4,102.1,102.3,103.5,99.8,98.9,88.7,100.0,100.4,99.1,97.8,99.9,99.6,29.4,1.1092,0.831,0.9144,-2.2291,0.2993,-1.0909,0.8369,-0.6821,-0.004456,-14.0,3.236666667,2.333333333,20516.0,20516.0,15.94,15.94,3293.87305,3451.609,1.40798,-0.0047968,2.206303226
201501,4.335217647,5.6,3.272435294,4.566026667,262.01,13.8,10200.0,10.9,215752.46,1447.11,219.75,17.0,5.6,9856.0,2.566666667,96.7,101.3,99.8,94.1,97.0,99.1,87.3,103.6,97.8,101.1,99.0,100.9,98.8,0.9,2.3657,0.5765,1.4584,-1.7018,1.8374,-0.7306,0.7538,-0.6319,-0.000607,-15.6,3.236666667,2.333333333,13609.0,34125.0,16.57,16.57,3186.547267,3338.721,0.958453333,0.213917733,2.206928571
201502,4.664345455,5.35,3.326186364,4.609990909,377.01,13.3,11800.0,10.1,226674.52,1405.32,219.75,6.2,2.9,-10947.0,2.566666667,99.7,100.2,99.4,103.1,97.5,100.6,88.2,105.1,103.0,91.9,100.6,87.6,100.5,2.2,2.333,0.6312,1.2027,-1.5409,1.5734,-0.0718,0.7389,-0.6154,-7.6e-05,-14.7,3.236666667,2.333333333,12433.0,46071.0,18.96,18.97,3483.941273,3651.012409,1.687,0.573308636,2.422841935
201503,3.473161905,5.35,3.373733333,4.656752381,262.0,13.4,7079.0,9.7,226002.11,1703.93,219.75,3.7,3.7,-1177.0,1.066666667,98.5,99.6,99.1,101.0,93.0,101.8,88.0,95.4,102.3,86.4,96.5,81.7,104.8,10.5,2.7315,0.6129,1.1255,-1.555,1.6493,-0.2602,0.5142,-0.8748,0.001056,-14.2,3.446666667,2.333333333,10582.0,56653.0,22.55,22.55,4186.23219,4386.767571,2.360238095,0.822274286,2.854403333
201504,2.35128,5.1,3.176625,4.530465,247.38,13.1,9008.0,10.9,222526.96,1647.31,219.75,1.8,4.7,-1696.0,1.066666667,97.7,99.1,98.8,97.5,96.1,103.0,87.2,98.7,96.4,89.8,100.5,82.7,105.6,7.8,1.5985,0.7144,1.0427,-1.3402,1.6922,-0.0912,0.4846,-1.0728,-0.00082,-13.7,3.446666667,2.333333333,12397.0,69050.0,21.94,21.92,4467.845,4679.51715,2.069245,0.22012675,3.01796129
201505,2.192285714,4.85,3.2448,4.293480952,415.39,12.5,12806.0,10.7,223667.65,1465.51,219.75,2.9,4.3,-472.0,1.066666667,100.5,98.4,97.4,102.4,100.9,103.3,90.9,104.4,97.3,95.6,97.8,93.6,104.3,0.7,1.8544,0.7776,1.0228,-1.5018,1.7392,-0.4291,0.5123,-0.6471,0.000475,-12.8,3.446666667,2.333333333,18384.0,88068.0,20.93,20.92,4798.02021,5024.941667,2.348052381,-0.303759762,3.321153333
201506,2.647686957,4.85,3.153469565,4.08113913,311.14,14.4,14800.0,13.4,218105.53,1453.85,219.75,2.9,6.6,406.0,-0.583333333,99.3,99.4,97.5,103.7,93.6,99.9,86.5,101.8,91.0,89.9,94.4,84.8,103.6,5.2,2.7273,0.7822,1.0187,-1.8099,1.6849,-0.6759,0.5377,-0.7466,0.001885,-13.8,5.386666667,2.3,7511.0,95579.0,18.04,18.04,3848.249165,4031.803161,2.166926087,-0.606783304,2.693925806
201507,2.471095238,4.6,3.216985714,4.129914286,253.42,14.7,8096.0,13.0,218282.26,1623.62,219.75,1.8,9.3,51.0,-0.583333333,96.5,99.8,97.0,98.6,99.3,97.1,89.5,99.2,93.8,88.9,95.0,78.2,100.0,22.0,3.6772,0.7702,0.9825,-2.0945,1.8187,-0.7816,0.5884,-0.7844,0.004006,-15.6,5.386666667,2.3,11097.0,106676.0,15.82,15.81,3594.017324,3765.335619,1.5615,-0.560959714,2.524209677
201508,2.438914286,4.6,3.144247619,4.03192,363.87,12.4,10500.0,12.6,211222.39,1649.93,219.75,3.7,11.4,1961.0,-0.583333333,101.1,103.3,100.7,101.0,100.0,104.8,95.0,94.6,96.4,102.3,97.1,110.0,105.2,7.1,2.7236,0.7853,1.0018,-2.1397,1.3917,-0.4015,0.8252,-0.5792,0.000854,-16.8,5.386666667,2.3,13571.0,119408.0,15.11,15.1,3127.99227,3276.756175,1.00166,-0.22274965,2.10999
201509,2.41935,4.35,2.914444444,4.278835294,225.09,14.4,5136.0,12.7,209719.77,1855.42,219.75,3.8,14.0,-1122.0,-2.0,101.3,103.8,99.9,105.0,98.0,109.0,94.3,108.6,97.4,109.8,96.6,122.3,110.6,4.2,1.9415,0.6152,0.8404,-1.8516,1.1195,-0.4,0.8,-0.8,-0.000173,-16.6,2.106666667,2.266666667,5593.0,125001.0,16.7,16.69,3342.478606,3500.696818,1.185011765,0.617381235,2.243074194
201510,2.37592381,4.35,2.97137619,4.183152381,487.9,13.9,7089.0,13.1,204674.77,1606.8,219.75,3.2,15.7,428.0,-2.0,101.0,103.2,100.7,98.9,99.6,107.7,95.2,97.2,92.4,99.1,99.9,93.7,105.4,1.9,2.3222,0.7231,0.8313,-1.4076,1.2018,-0.5,0.7,-1.0,0.002221,-15.8,2.106666667,2.266666667,10255.0,135256.0,17.06,17.04,3561.191914,3729.3842,1.238414286,0.104043143,2.455766667
201511,2.405521739,4.35,2.772452174,4.349421739,902.24,13.4,5978.0,12.4,206491.55,1807.28,219.75,4.9,15.2,2888.0,-2.0,97.1,103.3,99.9,92.8,96.7,105.9,92.9,95.0,92.7,94.8,99.8,92.0,103.6,-5.8,2.7,0.7789,0.8037,-1.2724,1.3118,-0.6,0.7,-1.1,0.004372,-15.1,2.106666667,2.266666667,18114.0,154086.0,17.63,17.61,3546.044087,3712.271139,0.851530435,0.124687087,2.487664516
201512,2.46965,4.35,2.707935,4.28923,552.46,14.1,25100.0,12.5,211016.36,2689.44,219.75,15.1,18.6,9310.0,-1.463333333,93.9,104.35,101.95,99.8,99.9,102.2,96.75,99.85,99.7,102.35,99.55,106.55,101.6,1.1,4.1,1.4,0.6,-1.6,1.7,-0.5,0.7,-1.6,0.002,-14.5,4.233333333,2.233333333,34758.0,34758.0,13.75,13.73,2983.37184,3122.36126,0.728625,-1.22203435,2.1004
201601,2.43665,4.35,2.697422222,4.3315,105.21,13.6,7266.0,13.3,212135.62,3579.0,219.75,-4.8,17.4,-3105.0,-1.463333333,93.9,105.4,104.0,106.8,103.1,98.5,100.6,104.7,106.7,109.9,99.3,121.1,99.6,1.8,7.3,1.3,0.3,-1.6,0.9,-0.3,0.7,-1.7,0.009,-14.3,4.233333333,2.233333333,8312.0,43070.0,13.52,13.5,2803.190063,2933.321,0.68380625,-0.088614313,1.941296552
201602,2.406834783,4.35,2.573678261,4.379891304,360.54,13.4,13700.0,13.0,212024.07,3827.75,219.75,4.4,22.1,-4770.0,-1.463333333,96.3,104.7,102.4,93.7,105.9,102.3,99.4,98.6,105.7,85.9,95.1,72.3,106.9,7.8,7.6,1.3144,0.3777,-2.6172,1.1713,0.5,0.769,-1.7466,0.007309,-14.5,4.233333333,2.233333333,23931.0,65859.0,15.11,15.08,2908.612696,3043.864217,0.801986957,0.49465913,1.995422581
201603,2.48893,4.35,2.62732,4.46042,295.39,13.1,5556.0,12.9,209092.53,3506.94,219.75,6.0,22.9,-248.0,-0.433333333,97.4,99.9,99.6,96.1,98.4,102.7,99.1,114.7,104.3,103.0,106.6,92.6,102.9,6.0,7.4,1.4058,0.4769,-2.3737,1.1589,0.7,0.7404,-1.7066,0.007431,-13.3,4.913333333,2.233333333,7809.0,73668.0,14.77,14.75,3005.07185,3144.82495,0.68505,-0.10572445,2.052506667
201604,2.465871429,4.35,2.730852381,4.440571429,343.28,13.0,9855.0,11.5,210173.73,3526.56,219.75,6.3,23.7,-1622.0,-0.433333333,96.7,105.1,102.4,96.6,98.8,99.8,104.8,98.9,106.8,106.6,101.2,112.7,103.4,-1.0,5.9,1.5571,0.6387,-2.6022,1.2063,0.5,0.7,-1.7,0.002893,-10.9,4.913333333,2.233333333,6770.0,80438.0,14.35,14.32,2859.862824,2993.081857,0.488680952,-0.027112762,1.925641935
201605,2.407428571,4.35,2.755228571,4.624835,625.57,13.0,13800.0,10.9,220039.97,3881.51,219.75,7.2,24.6,37.0,-0.433333333,97.7,101.2,99.5,100.0,107.4,103.5,108.1,109.0,104.6,91.0,106.4,78.1,107.2,9.7,4.6,1.6033,0.5876,-1.8033,1.3883,-0.2,1.0,-1.7,0.002687,-9.8,4.913333333,2.233333333,16479.0,97539.0,14.46,14.43,2899.1867,3034.5847,0.56471,0.02719,1.991703333
201606,2.469304762,4.35,2.641604762,4.757761905,357.03,11.6,4636.0,9.5,214870.72,3633.56,219.75,7.2,25.4,457.0,0.8,98.1,103.0,103.3,103.3,105.1,103.6,107.9,104.7,98.1,106.4,105.7,105.9,104.5,-1.6,3.3,1.5972,0.5737,-1.5895,1.6063,0.2,1.1,-1.4,0.0036,-8.3,2.883333333,2.233333333,4791.0,102330.0,14.8,14.77,3016.883238,3158.088,0.670952381,0.083709,2.088577419
201607,2.479152174,4.35,2.534952174,4.804217391,330.45,11.6,9487.0,10.8,215526.01,3538.16,219.75,7.4,25.3,179.0,0.8,99.1,104.1,106.6,100.6,100.2,99.0,111.4,99.4,97.9,96.3,108.4,90.0,101.5,0.57,1.3,1.4689,0.3851,-1.2462,1.324,0.2,0.8,-1.3,0.003507,-5.9,2.883333333,2.233333333,14605.0,116935.0,15.45,15.42,3050.021,3192.941652,0.593921739,0.15497687,2.104154839
201608,2.478204762,4.35,2.565195238,4.877605,469.2,12.0,12200.0,11.1,218786.19,3786.76,219.75,6.6,24.7,1614.0,0.8,96.9,102.4,102.3,98.6,100.0,96.6,108.8,99.1,100.5,88.6,101.5,78.1,97.4,1.2,3.2,1.5471,0.3033,-0.354,2.0079,0.5,0.7,-1.5,0.010128,-1.4,2.883333333,2.233333333,17115.0,134663.0,15.12,15.09,3036.4659,3178.5829,0.48365,-0.130174,2.08709
201609,2.564594444,4.35,2.46775,4.816625,443.65,12.3,6513.0,11.5,219492.12,3730.79,219.75,7.2,23.9,-854.0,3.4,98.7,105.4,105.5,102.5,98.3,95.2,109.7,99.4,103.0,94.4,107.7,87.4,93.0,4.7,3.7,1.7772,0.3909,-0.3791,2.0994,0.7,0.9,-1.2,0.010993,1.9,3.32,2.266666667,8865.0,143528.0,15.76,15.73,3085.988438,3230.810875,0.598625,0.198264,2.104532258
201610,2.684968182,4.35,2.57775,4.890836364,132.71,12.5,7946.0,10.8,220619.14,3441.53,219.75,7.6,22.7,689.0,3.4,97.9,105.5,105.5,102.3,98.7,95.6,109.1,100.3,107.3,104.5,102.0,108.3,93.2,0.9,4.0,2.0193,0.3475,0.0178,2.2166,1.5,1.1,-1.0,0.014976,6.3,3.32,2.266666667,18328.0,161856.0,16.58,16.56,3195.515045,3345.841682,0.81345,0.216024318,2.1197
201611,2.913131818,4.35,2.94546087,4.868327273,447.07,12.8,10400.0,11.0,234095.17,3195.07,219.75,8.1,21.4,3400.0,3.4,102.1,106.0,105.3,102.4,105.4,100.3,116.8,101.9,105.6,95.5,99.8,91.1,100.2,5.7,2.4,2.0689,0.4117,0.9358,2.3194,1.6,1.3,-0.8,0.015204,11.2,3.32,2.266666667,16260.0,178022.0,15.94,15.91,3155.840973,3304.329227,0.616045455,-0.206432364,2.078806452
201612,2.848542105,4.35,2.958863158,4.890233333,687.1,12.1,20300.0,10.4,211048.15,1235.17,219.75,19.4,14.5,18300.0,2.236666667,104.1,105.8,104.9,105.7,105.2,100.0,113.3,106.5,101.6,108.5,100.9,112.7,98.5,-14.71,2.7,2.2631,0.5988,2.348,3.3371,0.8,1.1,-0.6,0.019245,17.7,4.66,2.3,37720.07698,37720.07698,16.34,16.32,3136.325694,3284.037333,0.517283333,0.099704056,2.037964516
201701,2.844942105,4.35,3.046531579,4.960311111,316.0,12.7,11700.0,11.4,223326.41,1246.15,219.75,3.3,21.4,-14900.0,2.236666667,106.7,103.3,101.9,108.8,103.8,102.2,107.2,104.9,106.7,97.0,101.0,94.4,102.1,3.1,-4.3,2.544,0.4796,1.6611,1.7752,0.6,1.3,-0.6,0.00685,21.5,4.66,2.3,11055.32211,48775.39909,16.85,16.83,3211.458628,3362.822178,0.639266667,0.144771056,2.078625
201702,3.279378261,4.35,3.0938,4.832678261,421.4,12.3,10200.0,10.3,227140.72,1099.03,219.75,6.1,18.8,-3099.0,2.236666667,104.5,104.5,104.5,103.3,99.8,100.5,108.4,99.1,104.3,97.8,98.8,89.7,101.3,1.6,-4.4,2.4415,0.6699,1.998,2.3487,0.3,1.3,-0.4,0.00676,20.6,4.66,2.3,25471.63956,74247.03865,16.87,16.85,3240.687487,3393.471239,0.606930435,-0.024580522,2.129570968
201703,3.382915789,4.35,3.222094737,4.808994444,466.33,12.8,11000.0,9.8,225029.51,1274.18,219.75,6.2,18.5,-212.0,1.73,106.9,104.7,104.6,105.1,105.4,106.4,114.7,103.9,99.3,94.6,103.8,85.9,103.0,-9.8,-3.5,2.4202,0.8474,1.7827,2.5917,-0.4,1.5,-0.1,0.009076,18.6,3.996666667,2.3,19558.92377,93805.96242,16.7,16.68,3213.263967,3364.868278,0.709905556,-0.116022444,2.080183333
201704,3.426685714,4.35,3.605157143,4.77474,269.56,12.8,11100.0,9.2,225838.79,829.56,219.75,7.3,17.0,-1059.0,1.73,105.4,104.2,105.1,104.6,107.6,102.9,111.6,104.5,105.3,107.7,103.5,113.5,103.4,-8.7,-1.6,2.462,1.0069,1.12,2.5664,-0.3,1.5,0.2,0.011029,14.2,3.996666667,2.3,17811.73294,111617.6954,16.5,16.49,3094.578675,3240.67271,0.54243,-0.05818715,1.947629032
201705,3.29435,4.35,3.534322727,4.908813636,364.85,12.7,15400.0,9.2,229662.13,1599.31,219.75,6.6,15.0,-356.0,1.73,105.1,102.1,106.9,104.8,112.1,102.0,106.4,110.9,112.7,127.4,110.7,150.8,104.0,-2.8,-1.2,2.5197,1.0765,0.1498,2.5126,-0.2,1.3,0.1,0.008964,10.7,3.996666667,2.3,25885.91095,137503.6063,17.0,16.98,3145.78215,3294.525368,0.484109091,0.109710636,1.985066667
201706,3.325433333,4.35,3.514504762,4.973661905,364.75,13.0,8255.0,9.4,224936.93,1152.03,219.75,6.1,15.3,151.0,1.716666667,104.0,100.1,102.2,105.4,102.4,101.6,105.7,108.4,104.3,109.5,102.0,117.5,106.5,-15.8,-1.1,2.4963,1.1371,-0.2353,2.4812,0.2,1.2,0.0,0.00665,9.2,3.983333333,2.266666667,21188.10657,158691.7129,17.48,17.47,3222.186262,3374.590557,0.657690476,0.120218857,2.058516129
201707,3.463095652,4.35,3.598669565,4.881113043,392.22,12.6,10900.0,9.0,227174.06,1259.06,219.75,6.5,14.0,422.0,1.716666667,102.9,96.4,99.5,102.1,104.5,101.9,102.3,104.7,100.7,109.6,97.8,119.0,103.5,7.0,-0.2,2.6753,1.2537,0.7212,2.5206,0.9,1.4,0.0,0.011434,11.0,3.983333333,2.266666667,20485.50771,179177.2206,18.0,17.99,3287.491704,3442.95313,0.722047826,0.11726513,2.092541935
201708,3.515077273,4.35,3.613040909,4.754066667,294.25,12.5,12700.0,9.3,228516.4173,1025.4681,219.752,7.2,14.0,2198.0,1.716666667,102.7,96.2,98.1,105.0,103.7,99.3,103.1,105.9,105.4,109.6,98.6,115.9,103.3,14.9,-1.4,2.7522,1.3678,0.5278,2.2807,1.0,1.2,0.0,0.009873,9.9,3.983333333,2.266666667,25438.60694,204615.8275,18.02,18.01,3363.203614,3521.921533,0.658728571,-0.016467286,2.124076667
201709,3.402276471,4.35,3.739535294,4.648082353,216.31,12.4,6632.0,9.1,229778.4363,1095.8403,219.752,6.3,13.0,-1518.0,1.403333333,102.3,96.2,98.4,101.3,105.2,96.7,99.9,101.2,104.6,103.9,95.9,112.1,99.3,2.5,-0.4,2.8333,1.4789,0.831,2.2515,0.7,0.9,0.0,0.013324,8.6,3.716666667,2.266666667,15861.15144,220476.979,18.37,18.36,3386.900035,3546.821029,0.516194118,0.078065176,2.139480645
201710,3.389559091,4.35,3.889904545,4.559463636,570.2,12.6,11200.0,9.6,231218.49,1243.26,219.75,5.7,12.7,392.0,1.403333333,103.1005,97.1,98.2,106.5,100.8,99.3,102.5,102.1,103.2,102.3,106.3,103.7,98.9,90.0,-1.1,2.8018,1.5367,1.3266,2.0407,0.5,0.7,0.0,0.012796,7.1,3.716666667,2.266666667,22955.98125,243432.9602,18.11,18.1,3388.215736,3548.477018,0.585190909,-0.100899545,2.078586667
201711,3.452957143,4.35,3.844008696,4.586366667,715.81,12.1,5844.0,9.0,243802.2825,880.004,219.752,3.4,11.8,2023.0,1.403333333,100.4417,94.8,96.6,105.1,95.8,94.2,99.2,103.7,101.7,99.1,101.3,98.5,96.3,-8.8,-0.4,2.8,1.6,1.2,2.1,0.8,0.6,-0.2,0.014211,5.7,3.716666667,2.266666667,18102.88255,261535.8428,18.16,18.15,3293.650395,3449.408743,0.446233333,-0.012533524,2.017483871
201712,3.586459091,4.35,3.856272727,4.662690909,263.91,12.6,29000.0,10.5,224704.52,1024.71,219.75,-13.8,15.0,3991.0,2.096666667,100.516,96.5,97.8,104.0,96.6,96.8,97.3,90.9,96.2,104.3,99.9,109.8,99.1,0.6,-0.5,2.7,1.5,0.2,0.9,0.3,0.8,-0.3,0.012579,4.8,3.34,2.266666667,31417.22055,31417.22055,19.25,19.24,3457.017105,3620.749027,0.698727273,0.234562273,2.098974194
201801,3.1167,4.35,3.805923529,4.602273333,308.83,12.1,8393.0,8.6,224608.56,1005.51,219.75,13.5,8.5,6788.0,2.096666667,98.1,97.8,97.8,93.5,99.3,95.6,95.3,93.6,102.6,105.9,98.5,109.6,98.8,3.2,4.4,2.2,1.8,1.5,3.7,-0.1,0.5,-0.1,0.020132,4.9,3.34,2.266666667,12064.38793,43481.60848,18.29,18.28,3296.349753,3452.53238,0.613626667,-0.4228382,1.963014286
201802,3.1638,4.35,3.684068182,4.586031818,245.71,11.9,11200.0,8.7,238740.05,928.59,219.75,6.0,7.1,-8732.0,2.096666667,102.7,96.2,96.5,106.0,101.6,98.3,97.2,102.9,102.5,97.3,105.5,93.7,101.8,2.6,2.1,2.2,1.6,0.3,2.2,-0.2,0.3,-0.3,0.014399,3.9,3.34,2.266666667,17091.4767,60573.08518,17.77,17.77,3247.7535,3401.478173,0.532890909,-0.1232095,1.976587097
201803,3.403365,4.35,3.457325,4.569072222,411.74,11.9,11800.0,8.9,224662.34,1233.27,219.75,4.5,7.2,-1216.0,1.613012,100.2,94.7,95.7,105.0,98.6,93.1,94.3,101.3,102.8,104.1,95.7,108.2,96.8,1.9,0.7,2.2,1.5,1.1,2.0,-0.2,0.2,-0.6,0.013756,4.7,3.273333333,2.233333333,22242.94055,82816.02573,17.31,17.3,3124.264917,3271.954622,0.474672222,-0.148787556,1.893176667
201804,3.412004545,4.35,3.388618182,4.428977273,984.11,12.0,11500.0,8.9,223565.241,2741.2009,219.752,3.6,6.0,-1702.0,1.613012,100.6,96.4,97.3,103.3,98.0,94.5,95.3,96.1,95.5,89.4,94.7,85.6,95.6,11.7,0.1,2.2,1.5,1.8,1.9,0.4,0.3,-0.7,0.015355,6.8,3.273333333,2.233333333,11233.62445,94049.65018,15.16,15.17,3147.132136,3296.095895,0.425509091,0.023816182,1.870003226
201805,3.26775,4.35,3.452705,4.48391,150.71,12.1,18400.0,8.4,237805.0762,1117.8022,219.752,3.9,6.6,-185.0,1.613012,100.4,97.4,99.2,102.3,99.3,97.4,98.0,97.5,103.1,88.3,98.6,79.7,98.9,5.8,0.3,2.3,1.5,2.4,1.8,0.3,0.3,-0.5,0.018405,9.2,3.273333333,2.233333333,20372.96461,114422.6148,14.06,14.07,2978.06314,3119.0827,0.40242,-0.40998025,1.783183333
201806,3.037345455,4.35,3.302459091,4.550922727,274.1,12.7,14500.0,8.5,229937.5363,1199.3963,219.752,3.6,5.1,-59.0,1.293294,101.0,97.2,99.5,100.4,100.4,98.3,98.4,105.9,104.9,106.5,103.8,105.7,98.9,19.3,0.5,2.4,1.6,3.0,2.3,0.1,0.7,-0.2,0.021751,10.7,3.236666667,2.166666667,18381.94196,132804.5567,14.29,14.3,2821.058686,2954.438582,0.4231,0.053393364,1.708329032
201807,2.586026087,4.35,3.320686957,4.569278261,521.29,12.8,12800.0,8.3,227764.5434,1398.43,219.75,3.3,3.9,245.0,1.293294,104.1,99.4,101.3,105.9,100.4,100.9,100.5,98.6,104.7,101.0,105.0,95.3,101.9,11.4,1.7,2.5,1.6,2.7,2.6,0.4,1.1,0.2,0.022665,9.7,3.236666667,2.166666667,24078.24889,156882.8056,13.58,13.59,2748.15917,2877.982043,0.373613043,-0.226468,1.6436
201808,2.669409524,4.35,3.46817619,4.512715789,381.43,12.8,13800.0,8.5,231051.1234,2049.549,219.752,2.2,4.0,1479.0,1.293294,107.0,101.6,103.7,110.6,104.1,101.5,99.6,104.5,109.4,93.6,102.1,85.8,102.7,8.3,3.6,2.6,1.6,2.8,2.2,0.6,1.1,0.2,0.026463,9.4,3.236666667,2.166666667,23061.25012,179944.0558,14.07,14.08,2723.081858,2851.689668,0.342147368,0.188180737,1.59778
201809,2.731488889,4.35,3.379161111,4.519905556,563.9,12.8,6970.0,8.1,211727.0606,2485.2777,219.752,2.8,2.7,-1148.0,0.940932,109.4,102.1,102.8,111.3,105.4,106.9,102.7,109.1,110.5,104.8,104.9,104.4,107.9,7.3,3.3,2.5,1.5,3.2,2.5,0.4,1.2,-0.1,0.027943,9.4,2.95,2.133333333,9537.802987,189481.8587,13.0,13.0,2601.957422,2724.89625,0.461027778,-0.422611222,1.527258065
201810,2.655922727,4.35,3.215918182,4.691227273,407.84,12.6,12500.0,7.6,216967.35,1316.327,219.75,2.8,1.5,457.0,0.940932,107.5,102.1,103.2,107.2,106.1,105.4,100.8,105.7,107.5,104.4,105.7,105.3,105.3,-27.6,2.5,2.4,1.5,1.6,2.5,-0.2,1.5,0.1,0.021521,6.3,2.95,2.133333333,16127.16526,205609.024,12.96,12.97,2630.996036,2755.138577,0.554036364,-0.018676136,1.48672
201811,2.844068182,4.35,3.034178261,4.698945,523.94,12.9,10800.0,8.2,235511.22,1164.51,219.75,3.6,1.5,2645.0,0.940932,105.3,103.8,104.3,105.0,105.2,104.6,100.8,114.1,113.6,103.5,107.9,101.4,106.5,23.2,2.5,2.2,1.4,-0.7,2.3,-1.0,1.6,0.2,0.01433,1.5,2.95,2.133333333,19311.17408,224920.1981,12.44,12.45,2573.702485,2695.008795,0.387215,-0.18081005,1.459174194
201812,2.893504762,4.35,2.921472727,4.597345455,380.84,12.8,32300.0,7.6,203473.79,2050.67,219.75,17.2,0.4,14300.0,-1.829689333,103.2,102.9,103.8,102.0,104.1,102.3,99.3,112.6,111.3,107.8,105.5,111.9,101.2,2.8,1.9,2.1,1.5,-1.3,2.9,-0.6,1.6,0.0,0.009575,-1.4,2.456666667,2.133333333,46791.13927,46791.13927,12.99,13.0,2558.433423,2679.04025,0.453831818,0.165627727,1.449335484
201901,2.561829412,4.35,2.926652941,4.604533333,311.49,12.7,8858.0,8.6,202930.7106,1173.1413,219.752,-2.4,2.0,-7986.0,-1.829689333,109.6,102.5,103.5,116.8,105.4,106.9,98.9,112.1,109.1,103.9,100.8,108.3,103.5,3.3,0.7,2.2,1.3,-1.2,2.4,-0.1,1.6,-0.6,0.010009,-1.0,2.456666667,2.133333333,9665.126685,56456.26595,14.8,14.81,2779.46678,2910.823393,0.879186667,0.878192333,1.546
201902,2.663438095,4.35,3.041980952,4.586880952,674.16,13.3,16900.0,8.7,209648.1363,819.2535,219.752,3.1,4.6,-4581.0,-1.829689333,102.2,106.5,105.4,100.5,103.0,102.4,102.9,104.0,104.9,106.2,95.9,112.1,99.8,4.9,4.1,2.1,1.2,0.1,2.4,0.1,1.7,-0.7,0.019152,1.1,2.456666667,2.133333333,29602.33653,86058.60249,15.51,15.52,3048.241767,3192.58891,1.233328571,0.250907095,1.754622581
201903,2.821777273,4.35,3.1909,4.511647619,395.37,12.9,10200.0,8.5,206201.7705,1276.8528,219.752,3.5,2.9,-976.0,-0.563652333,103.9,106.2,104.4,101.5,102.9,103.8,102.1,101.9,109.2,118.1,98.8,132.0,104.0,2.8,6.1,2.0,1.1,-0.5,2.5,0.3,1.7,-0.6,0.019931,0.6,2.543333333,2.066666667,16709.53817,102768.1407,15.45,15.46,3195.088343,3346.524457,1.059942857,-0.012149762,1.82904
201904,2.657090476,4.35,3.13417619,4.492255,228.5,12.9,11800.0,8.4,213073.6261,1352.4104,219.752,4.3,3.4,-1167.0,-0.563652333,103.4,108.2,106.0,102.1,103.5,105.5,101.2,108.5,109.5,110.2,106.8,112.6,105.7,4.6,7.7,1.8,1.0,-0.9,2.6,0.2,1.5,-0.8,0.021,-0.5,2.543333333,2.066666667,17123.72928,119891.8699,13.41,13.42,2898.802985,3036.00183,0.65789,-0.2846288,1.626474194
201905,2.602836842,4.35,3.066368421,4.541489474,319.89,12.5,16600.0,8.4,221817.2359,903.7613,219.752,4.3,4.4,-218.0,-0.563652333,105.1,109.5,106.7,104.4,103.4,107.7,103.3,124.0,122.2,113.9,112.0,115.3,108.6,3.0,8.3,1.6,0.8,-1.9,2.4,-0.3,1.6,-0.9,0.01805114,-2.5,2.543333333,2.066666667,26243.30201,146135.1719,13.81,13.83,2923.598747,3062.141332,0.612157895,0.148719,1.62805
201906,2.526278261,4.35,3.014491304,4.5954,504.21,11.9,10600.0,8.1,210260.4373,966.7178,219.752,4.5,3.1,108.0,-1.261997,103.8,108.2,104.0,105.0,104.8,105.3,104.7,106.8,109.3,103.1,107.0,98.8,105.9,4.1,9.1,1.5,0.8,-2.1,2.3,-0.2,1.3,-1.2,0.01768808,-4.1,2.403333333,2.0,12872.11027,159007.2822,13.88,13.69,2947.84517,3087.571783,0.460765217,-0.064213652,1.670393548
201907,2.769186364,4.35,2.936381818,4.527727273,192.48,11.9,12100.0,8.4,207945.0575,1127.7336,219.752,4.8,3.4,463.0,-1.261997,103.0,106.4,103.0,100.4,101.3,106.1,100.2,106.5,105.7,105.0,107.9,105.0,106.3,0.3,10.0,1.0,0.7,-2.3,2.1,-0.1,0.9,-2.0,0.01794019,-5.4,2.403333333,2.0,21955.76501,180963.0472,13.69,13.5,2847.063264,2982.51555,0.476095455,-0.067762773,1.62986129
201908,2.77492381,4.35,2.977847619,4.49963,487.98,12.0,16900.0,8.3,212229.5586,1105.5545,219.752,4.0,3.4,978.0,-1.261997,102.0,105.3,102.6,100.3,101.3,107.3,103.4,95.1,106.5,112.0,105.7,118.0,107.4,0.5,11.2,0.7,0.6,-2.9,1.7,0.1,0.9,-1.8,0.019,-6.5,2.403333333,2.0,25142.21046,206105.2577,13.82,13.64,2978.38379,3120.199455,0.567855,0.03579155,1.708956667
201909,2.729284211,4.35,3.036247368,4.490177778,392.86,11.8,6613.0,8.2,205823.5009,1069.9726,219.752,4.7,3.3,-734.0,-0.683027287,101.1,104.3,101.2,98.5,101.4,106.6,105.2,97.4,103.0,106.8,103.9,110.0,104.4,3.1,15.5,0.5,0.6,-3.5,1.9,0.1,0.6,-1.8,0.02241375,-7.2,3.353333333,2.0,8680.002122,214785.2598,13.93,13.76,2954.832456,3095.624289,0.417272222,0.0475875,1.679235484
201910,2.729604762,4.35,3.026266667,4.487842857,285.16,11.9,13900.0,8.4,209882.9633,1105.7913,219.752,4.8,3.5,578.0,-0.683027287,101.4,103.6,101.7,98.7,103.7,107.0,107.0,95.7,102.6,110.5,103.8,115.5,103.3,0.1,19.1,0.4,0.4,-2.8,1.7,-0.1,0.3,-2.1,0.03040321,-5.9,3.353333333,2.0,19936.91623,234722.176,13.72,13.5,2923.7747,3063.294438,0.407109524,-0.09148781,1.62553
201911,2.595109091,4.35,2.965859091,4.620227273,389.51,11.9,11400.0,8.7,226023.86,841.77,219.75,5.4,4.4,3216.0,-0.683027287,98.6,102.3,101.1,95.6,104.7,102.2,108.5,96.1,98.3,102.2,106.2,97.9,100.7,0.29,17.4,0.5,0.4,-0.7,1.8,0.0,-0.1,-2.4,0.03417832,-2.0,3.353333333,2.0,22013.0,255753.0,14.55,14.28,2962.063709,3103.741709,0.523359091,0.276035227,1.655416129
201912,2.649477778,4.35,2.876788235,4.590425,719.44,11.6,33400.0,8.3,202608.32,1136.57,219.75,6.6,0.0,16100.0,1.547050607,98.65,103.35,101.1,96.75,103.9,100.95,109.7,96.4,102.05,100.85,104.8,97.35,100.85,2.2,20.6,0.5,0.2,0.9,2.2,0.0,-0.3,-2.3,0.0434035,0.4,-1.083333333,-2.266666667,50535.0,50535.0,14.42,14.03,3078.654681,3225.845019,0.67010625,-0.147788375,1.721290323
202001,2.4957,4.35,2.62242,4.47521,532.45,11.7,9057.0,8.1,197359.23,934.72,219.75,10.9,4.8,-5062.0,1.547050607,98.7,104.4,101.1,97.9,103.1,99.7,110.9,96.7,105.8,99.5,103.4,96.8,101.0,-27.37,21.9,0.3,0.1,-1.6,1.0,-0.5,-0.3,-2.0,0.04207087,-2.5,-1.083333333,-2.266666667,8737.0,59272.0,14.08,13.63,2927.513035,3067.77291,0.907365,-0.1405479,1.686882759
202002,2.150672727,4.35,2.469731818,4.240777273,535.84,12.3,28500.0,9.3,212680.93,1896.22,219.75,10.8,5.0,-5205.0,1.547050607,101.2,104.0,102.7,101.6,105.1,102.0,115.3,96.9,107.9,101.2,102.0,98.5,100.4,-16.51,18.3,-0.1,0.3,-3.8,2.5,-1.0,-0.5,-1.9,0.02772307,-8.0,-1.083333333,-2.266666667,51838.0,110767.0,13.44,13.07,2852.062891,2988.789227,0.885509091,-0.193276273,1.646945161
202003,1.710813636,4.35,2.0118,4.24987619,470.33,12.9,17000.0,9.9,208740.67,1185.14,219.75,10.2,5.5,-1537.0,-0.505444757,107.7,106.2,104.6,108.0,113.0,112.1,112.8,102.0,101.5,103.0,100.8,104.6,112.0,8.6,14.8,-0.3,0.1,-4.9,2.0,-1.3,-0.6,-1.7,0.01741073,-13.2,0.42,1.066666667,31027.0,141794.0,14.07,13.61,2814.112695,2949.284705,0.620185714,0.190470048,1.600103333
202004,1.533884211,4.35,2.0722,4.320022222,597.01,13.0,14800.0,10.4,207935.31,1250.98,219.75,9.5,6.8,-1778.0,-0.505444757,108.4,102.1,103.8,107.2,110.7,113.5,109.9,103.9,104.1,103.8,98.1,102.2,110.5,4.2,10.6,-0.5,0.1,-5.1,2.2,-0.4,-0.6,-1.7,0.00911698,-15.0,0.42,1.066666667,31866.0,173660.0,13.09,12.63,2867.085033,3005.170439,0.558422222,-0.012726222,1.619354839
202005,1.887809524,4.35,2.525890476,4.56265,502.34,13.0,18100.0,10.6,207202.69,1198.45,219.75,9.5,6.5,-248.0,-0.505444757,104.3,99.4,101.7,103.3,106.2,107.7,106.5,107.3,99.1,112.4,109.3,114.7,107.3,3.7,11.1,-0.58934,0.0354,-4.64542,1.9027,0.4,-0.8,-1.8,0.01109414,-12.6,0.42,1.066666667,34681.0,208328.0,13.9,13.33,2940.737905,3082.424115,0.63626,0.2295939,1.695703333
202006,2.247347826,4.35,2.709869565,4.613013043,756.29,13.0,9927.0,10.3,196061.37,1079.54,219.75,9.9,6.9,408.0,1.063731583,104.3,100.1,103.2,101.3,103.9,109.9,104.1,101.7,109.8,110.1,107.4,109.4,111.6,12.2,13.2,-0.724911,-0.064145,-4.396246,0.324884,0.4,-1.1,-1.6,0.01653982,-10.1,1.193333333,1.633333333,16928.0,225256.0,15.58,14.85,3288.827239,3447.246291,1.21226087,0.473340696,1.932145161
202007,2.307438095,4.35,2.858685714,4.57272381,1228.92,12.8,12800.0,10.3,196502.18,1137.83,219.75,9.4,8.0,175.0,1.063731583,101.3,100.8,102.5,99.5,103.1,105.2,102.2,105.1,104.5,109.4,109.7,108.6,106.9,15.0,11.2,-0.749541,-0.092622,-3.924041,-0.027215,0.3,-1.3,-1.5,0.01613061,-8.9,1.193333333,1.633333333,35853.0,261109.0,16.03,15.3,3374.214376,3536.689648,0.945128571,0.126830476,2.015764516
202008,2.393495652,4.35,3.016865217,4.544940909,566.53,12.8,19000.0,10.7,209650.34,1080.69,219.75,11.1,8.1,2328.0,1.063731583,96.2,99.6,100.7,90.3,104.1,102.5,98.7,104.2,105.9,107.4,100.7,107.6,101.8,23.7,7.9,-0.781388,-0.132791,-3.628848,0.654261,0.1,-1.7,-1.9,0.00832878,-8.9,1.193333333,1.633333333,34693.0,296200.0,15.28,14.54,3288.863209,3446.91005,0.59145,-0.239621136,1.958836667
202009,2.415476471,4.35,3.064458824,4.45505625,372.6,12.8,6898.0,10.3,198214.43,981.22,219.75,10.4,9.1,-1334.0,0.642985113,97.8,97.6,97.9,94.9,102.0,103.1,96.4,101.5,108.1,103.6,97.6,100.5,101.5,18.4,2.2,-0.7,-0.1,-3.9,1.1,0.0,-1.7,-1.8,-0.003,-9.8,0.846666667,2.166666667,13929.0,310129.0,15.37,14.61,3301.739731,3460.423231,0.49938125,0.017293438,1.956958065
202010,2.6753,4.35,3.089733333,4.529652381,421.32,12.6,14300.0,10.7,210364.03,1010.06,219.75,10.3,10.0,557.0,0.642985113,99.9,97.0,96.2,99.9,99.0,104.0,95.2,99.1,97.2,109.6,111.1,110.7,99.9,5.6,-2.0,-0.6,0.0,-3.9,1.0,0.5,-1.8,-1.8,-0.011,-9.4,0.846666667,2.166666667,21355.0,331484.0,16.27,15.48,3345.486281,3506.397733,0.710214286,0.244198238,1.95935
202011,2.389669565,4.35,3.071052174,4.635817391,404.55,12.5,12600.0,10.2,222906.08,929.67,219.75,9.2,8.6,2721.0,0.642985113,100.5,96.2,94.7,100.1,99.7,104.6,93.2,97.8,101.5,102.6,103.9,99.9,100.8,8.36,1.2,-0.6,0.0,-3.1,0.9,1.1,-1.8,-1.8,-0.003,-7.4,0.846666667,2.166666667,17192.0,348633.0,16.76,15.9,3399.719278,3563.555683,0.733456522,0.106869043,1.981887097
202012,2.349875,4.35,2.96109,4.659415,345.8,12.5,35800.0,10.4,203006.66,1059.65,219.75,-3.9,14.7,5310.0,0.959644067,101.0,95.2,94.4,97.5,98.5,105.0,91.0,97.1,100.8,98.6,98.0,98.3,98.9,6.2,1.6,-0.4,0.0,-4.6,0.0,1.0,-1.3,-1.8,-0.005,-6.3,6.91,6.1,51884.0,51884.0,16.82,15.93,3566.427985,3738.364885,0.870685,0.01899845,2.071180645
202101,2.817047059,4.35,3.074017647,4.683366667,197.99,12.6,13600.0,10.4,202351.6,1055.81,219.75,4.2,7.4,2299.0,0.959644067,97.9,98.4,98.0,92.0,99.0,102.4,92.1,97.7,107.7,103.2,101.5,103.4,95.6,86.94,-0.2,-0.3,-0.2,-1.9,0.6,0.8,-1.3,-1.8,-0.003,-2.4,6.91,6.1,17243.0,69127.0,16.94,16.11,3576.935047,3749.516907,0.83724,0.056355667,2.077232143
202102,2.215326087,4.35,3.060208696,4.648469565,237.82,12.3,27300.0,9.9,216682.77,1038.8,219.75,4.2,7.1,-5380.0,0.959644067,98.3,96.3,95.1,94.8,99.5,102.0,90.8,96.1,101.1,102.5,99.7,102.6,101.9,59.51,-0.7,0.2,0.0,2.7,0.4,1.6,-0.8,-1.4,0.009,4.1,6.91,6.1,33762.0,102380.0,16.63,15.82,3442.978183,3608.858613,0.834908696,-0.075920565,1.963351613
202103,2.173795455,4.35,2.989559091,4.645385714,253.56,12.0,14700.0,8.9,209032.05,1119.94,219.75,5.3,6.2,-740.0,1.74652072,97.8,96.7,97.4,93.0,97.6,100.3,97.6,95.1,104.6,97.7,97.4,97.7,99.4,39.55,-0.7,0.4,0.4,4.9,1.3,0.9,-0.6,-0.9,0.016,11.1,5.516666667,2.633333333,18570.0,120950.0,16.74,15.82,3453.5046,3619.816552,0.682828571,0.008903476,1.94785
202104,2.147789474,4.35,2.923747368,4.647844444,226.27,11.8,15000.0,8.9,213457.96,1028.39,219.75,5.6,6.1,-1626.0,1.74652072,99.6,99.4,97.6,96.0,101.1,100.6,103.2,96.7,103.7,100.1,99.5,99.9,100.8,27.36,0.3,0.7,0.4,5.5,1.5,1.6,-0.6,-0.8,0.021,15.2,5.516666667,2.633333333,19522.0,140472.0,17.29,16.31,3508.935894,3677.977511,0.8059,0.268870722,1.952470968
202105,2.298652381,4.35,2.972638095,4.569166667,285.4,11.9,21200.0,9.2,216320.68,942.49,219.75,6.2,5.5,169.0,1.74652072,100.8,100.1,98.1,99.4,101.3,98.0,104.0,98.1,106.0,98.5,98.4,99.0,93.6,15.91,-1.7,0.9,0.3,5.8,1.5,0.3,-0.8,-0.6,0.021,14.9,5.516666667,2.633333333,37017.0,177357.0,17.39,16.21,3575.853614,3748.130776,0.745604762,-0.030400143,2.026216667
202106,2.359722727,4.35,2.809795455,4.522609091,252.93,11.8,10800.0,8.6,202120.98,964.63,219.75,6.1,4.9,371.0,0.918543237,102.6,97.6,98.0,101.4,102.7,100.8,106.7,97.2,99.7,97.0,96.2,97.0,98.8,7.85,-3.7,1.1,0.3,6.9,2.7,0.5,-0.4,-0.3,0.019,15.3,4.626666667,1.633333333,10752.0,188109.0,16.6,15.29,3513.871977,3682.916836,0.865790909,-0.246708636,2.035145161
202107,2.235372727,4.35,2.700868182,4.517227273,260.52,11.7,12200.0,8.3,198187.0,1083.46,219.75,6.3,4.2,342.0,0.918543237,106.5,97.3,98.3,104.7,107.1,106.2,112.0,94.2,103.9,93.0,90.9,92.2,106.8,8.56,-4.1,1.1,0.6,5.9,3.0,0.7,0.0,-0.1,0.016,15.1,4.626666667,1.633333333,29893.0,218002.0,17.37,16.04,3494.676805,3662.698873,0.986822727,0.196444091,2.047045161
202108,2.299627273,4.35,2.708527273,4.562075,283.58,11.4,16600.0,8.6,212046.96,1357.8,219.75,5.5,3.7,1807.0,0.918543237,110.6,99.0,101.9,112.0,106.4,109.8,113.6,102.0,103.4,104.2,105.2,105.2,114.0,8.63,-5.2,1.3,0.5,5.8,3.2,1.2,0.4,0.2,0.018,17.6,4.626666667,1.633333333,29026.0,247481.0,17.47,16.26,3627.214665,3801.580425,1.313115,0.03788975,2.046656667
202109,2.349388235,4.35,2.825641176,4.54235,242.34,11.4,8262.0,9.1,203832.77,1156.13,219.75,6.2,2.8,-781.0,-0.09490717,108.1,99.0,103.4,107.7,107.2,104.7,115.2,105.8,102.0,106.1,107.3,107.1,106.5,7.78,-2.4,1.7,0.9,7.0,2.9,2.5,0.8,-0.1,0.029,23.7,4.19,1.333333333,16176.0,263657.0,17.37,16.14,3574.028531,3745.693444,0.857425,-0.034432625,2.004806452
202110,2.264445455,4.35,2.746445455,4.493936364,197.57,11.4,12700.0,8.6,205698.6,1415.67,219.75,7.2,3.0,1348.0,-0.09490717,107.5,101.7,105.6,106.2,112.0,106.1,115.0,109.5,106.8,112.3,115.2,113.9,115.9,5.63,1.6,1.7,0.5,7.6,3.0,0.0,1.2,0.1,0.034,23.8,4.19,1.333333333,25983.0,289640.0,17.63,16.15,3538.605523,3708.616864,0.779977273,0.022783136,1.96607
202111,2.385573913,4.35,2.698913043,4.322769565,264.42,11.3,11300.0,9.3,212392.89,998.21,219.75,7.7,3.5,3391.0,-0.09490717,109.3,103.5,109.2,111.1,112.1,104.6,113.7,113.5,104.6,119.6,122.1,123.4,112.7,9.26,-1.2,1.6,0.8,5.0,3.1,-1.2,1.0,0.4,0.022,18.6,4.19,1.333333333,23580.0,313509.0,18.02,16.61,3627.039513,3801.426091,0.894965217,0.093911043,2.01923871
202112,2.501585714,4.35,2.514904762,4.297084211,496.28,11.2,39800.0,9.2,194279.92,1036.28,219.75,18.5,-1.9,15400.0,0.866801227,109.5,105.7,108.4,109.8,108.0,106.9,114.9,114.4,105.3,118.3,123.5,119.8,116.1,17.6,-3.8,1.4,0.4,5.2,2.9,-0.2,1.4,0.6,0.015,18.0,2.79,1.6,61759.0,61759.0,16.63,15.41,3533.891842,3703.361732,0.832357895,-0.413916684,1.949229032
202201,2.24696875,4.35,2.50308125,4.23479375,336.96,11.1,12300.0,9.8,204313.02,1633.74,219.75,5.8,4.7,-8961.0,0.866801227,111.7,105.9,110.0,112.0,111.3,106.0,113.1,107.1,98.4,110.4,110.7,110.5,112.4,74.76,-3.9,1.4,0.6,5.5,2.5,0.5,1.4,0.7,0.019,18.7,2.79,1.6,12170.0,73929.0,17.16,15.91,3461.948625,3628.145388,0.80200625,0.188769813,1.869189286
202202,2.244321739,4.35,2.564686957,4.351969565,565.58,11.0,31300.0,10.0,215231.7,1188.03,219.75,10.0,4.7,-2122.0,0.866801227,111.1,105.2,108.4,112.7,110.5,106.8,114.6,108.7,100.3,110.2,112.5,110.9,114.8,12.99,-1.5,1.3,0.9,5.8,2.6,1.1,0.8,0.3,0.027,21.1,2.79,1.6,46565.0,120570.0,16.13,15.03,3284.306557,3442.258126,0.911313043,-0.257361783,1.778177419
202203,2.196409524,4.35,2.567385714,4.342,229.22,10.6,6454.0,10.4,206134.42,1186.55,219.75,11.5,5.1,485.0,1.003333333,108.9,104.2,106.4,108.0,105.5,106.3,112.4,113.1,102.0,117.8,119.4,120.0,110.8,8.69,1.9,1.2,1.2,6.5,2.0,0.6,0.7,-0.1,0.034,22.3,1.91,0.133333333,9327.0,129897.0,15.14,14.2,3134.839474,3285.508368,0.946342105,-0.326258947,1.667873333
202204,1.7918,4.35,2.56087,4.290115789,278.04,10.7,18900.0,10.5,204605.98,1293.58,219.75,13.5,4.6,-80.0,1.003333333,109.6,106.9,107.6,108.2,107.9,107.2,114.7,104.4,103.9,103.0,103.3,103.1,111.7,5.81,2.3,1.0,1.4,6.2,1.8,0.1,1.2,-0.1,0.033,20.3,1.91,0.133333333,28415.0,158312.0,12.83,11.98,3090.438074,3238.700968,0.852184211,0.240758368,1.588935484
202205,1.744761905,4.35,2.608057143,4.255704762,206.22,10.8,28100.0,10.8,212469.45,1312.63,219.75,13.9,5.8,464.0,1.003333333,115.7,108.6,111.5,115.3,116.0,113.9,118.0,107.4,100.0,107.0,106.2,106.9,119.3,26.83,2.9,0.8,1.5,8.5,2.1,0.0,2.3,-0.2,0.037,20.6,1.91,0.133333333,51926.0,210037.0,13.73,12.72,3295.3877,3453.261343,0.998766667,0.311247905,1.721403333
202206,1.821552381,4.35,2.604390476,4.172666667,196.8,10.5,6790.0,11.4,202092.89,1553.83,219.75,13.9,6.7,498.0,1.796666667,114.3,106.0,109.1,114.6,110.9,111.6,123.1,117.7,103.4,117.9,119.0,118.5,113.5,18.55,6.3,0.7,1.4,6.1,1.5,-1.3,2.1,-0.3,0.035,16.7,1.91,1.3,7785.0,217822.0,13.22,12.12,3305.0328,3463.566143,0.783666667,-0.204911095,1.770758065
202207,1.563152174,4.35,2.433791304,4.258252174,286.77,10.4,12500.0,11.3,202148.65,1537.76,219.75,14.3,6.1,722.0,1.796666667,112.7,106.2,108.4,112.0,112.7,108.8,118.8,111.5,104.3,108.7,108.8,108.4,106.5,10.95,6.1,0.6,1.3,4.9,1.6,-1.2,2.2,-0.6,0.031,14.4,1.91,1.3,24712.0,242534.0,13.11,11.99,3243.600026,3398.689978,0.723526087,-0.065077391,1.755003226
202208,1.637847619,4.35,2.453161905,4.153495238,251.45,10.7,24700.0,11.3,216253.7,1465.69,219.75,13.6,6.4,1441.0,1.796666667,113.1,105.9,107.5,115.8,111.1,111.5,115.1,108.9,99.2,106.2,106.2,106.1,109.9,9.11,8.8,0.3,1.4,4.5,1.2,-0.1,2.3,-0.6,0.032,11.8,1.91,1.3,35411.0,277730.0,12.45,11.38,3152.124776,3303.268281,0.615942857,-0.267806619,1.654413333
202209,1.7659,4.35,2.497361111,4.06420625,368.38,10.5,6152.0,10.8,208542.63,1686.47,219.75,14.4,5.8,-255.0,3.183333333,115.3,107.4,109.5,118.2,114.4,115.6,116.1,112.5,101.9,112.6,109.7,113.7,109.7,2.27,7.0,-0.2,1.4,3.1,1.2,0.2,2.5,0.2,0.023,8.0,1.94,0.966666667,9134.0,286864.0,11.96,10.76,3006.10605,3150.298038,0.602,-0.269961375,1.577403226
202210,1.907590909,4.35,2.576122727,4.331772727,230.75,10.4,12100.0,11.6,208722.1,1718.39,219.75,14.1,4.6,1323.0,3.183333333,113.2,109.3,111.1,117.9,118.5,116.9,114.1,113.0,100.9,110.3,112.7,108.9,112.5,-35.88,3.7,-0.2,1.5,2.9,1.3,0.1,2.3,0.4,0.018,7.8,1.94,0.966666667,19837.0,306701.0,12.99,11.84,3079.397245,3227.551491,0.725363636,0.394148136,1.593993333
202211,2.078113043,4.35,2.680843478,4.4312,330.63,10.4,14000.0,11.3,227876.54,1574.47,219.75,15.3,3.7,4985.0,3.183333333,113.1,107.0,107.9,115.1,111.5,118.4,112.3,109.4,110.8,103.4,108.0,100.3,110.7,-32.13,4.8,-0.2,1.5,2.8,1.4,-0.5,2.4,0.6,0.02,8.0,1.94,0.966666667,13058.0,320100.0,12.78,11.67,3135.425418,3286.463823,0.645945455,-0.087809818,1.615206452
