指标名称,中证国债到期收益率:2年
2007/12/14,3.93
2007/12/17,3.94
2007/12/18,3.9504
2007/12/19,3.9539
2007/12/20,3.9481
2007/12/21,3.9324
2007/12/24,3.9008
2007/12/25,3.8534
2007/12/26,3.8515
2007/12/27,3.8584
2007/12/28,3.913
2008/1/2,3.9579
2008/1/3,3.9486
2008/1/4,3.8975
2008/1/7,3.8757
2008/1/8,3.8515
2008/1/9,3.8713
2008/1/10,3.8791
2008/1/11,3.8452
2008/1/14,3.8159
2008/1/15,3.7805
2008/1/16,3.8332
2008/1/17,3.8269
2008/1/18,3.8422
2008/1/21,3.8362
2008/1/22,3.8206
2008/1/23,3.8243
2008/1/24,3.8213
2008/1/25,3.8082
2008/1/28,3.7706
2008/1/29,3.7371
2008/1/30,3.7531
2008/1/31,3.7392
2008/2/1,3.7062
2008/2/4,3.5981
2008/2/5,3.5834
2008/2/13,3.5624
2008/2/14,3.5555
2008/2/15,3.5564
2008/2/18,3.5689
2008/2/19,3.5828
2008/2/20,3.5807
2008/2/21,3.5962
2008/2/22,3.5911
2008/2/25,3.6092
2008/2/26,3.6119
2008/2/27,3.6174
2008/2/28,3.6249
2008/2/29,3.6214
2008/3/3,3.6213
2008/3/4,3.6145
2008/3/5,3.6248
2008/3/6,3.6261
2008/3/7,3.6194
2008/3/10,3.6199
2008/3/11,3.6354
2008/3/12,3.6405
2008/3/13,3.6502
2008/3/14,3.6451
2008/3/17,3.6581
2008/3/18,3.6413
2008/3/19,3.6245
2008/3/20,3.6184
2008/3/21,3.5978
2008/3/24,3.5869
2008/3/25,3.5577
2008/3/26,3.536
2008/3/27,3.5128
2008/3/28,3.5062
2008/3/31,3.5138
2008/4/1,3.5122
2008/4/2,3.519
2008/4/3,3.5183
2008/4/7,3.5408
2008/4/8,3.553
2008/4/9,3.5597
2008/4/10,3.5613
2008/4/11,3.5568
2008/4/14,3.5402
2008/4/15,3.5101
2008/4/16,3.5107
2008/4/17,3.5091
2008/4/18,3.5101
2008/4/21,3.5096
2008/4/22,3.5025
2008/4/23,3.5069
2008/4/24,3.5023
2008/4/25,3.5109
2008/4/28,3.5192
2008/4/29,3.5226
2008/4/30,3.5266
2008/5/5,3.4982
2008/5/6,3.4905
2008/5/7,3.5146
2008/5/8,3.5432
2008/5/9,3.5496
2008/5/12,3.5495
2008/5/13,3.5414
2008/5/14,3.5454
2008/5/15,3.5591
2008/5/16,3.5852
2008/5/19,3.5842
2008/5/20,3.5938
2008/5/21,3.5842
2008/5/22,3.575
2008/5/23,3.5715
2008/5/26,3.5852
2008/5/27,3.5951
2008/5/28,3.5857
2008/5/29,3.5944
2008/5/30,3.5864
2008/6/2,3.5964
2008/6/3,3.5717
2008/6/4,3.5806
2008/6/5,3.5631
2008/6/6,3.5966
2008/6/10,3.6057
2008/6/11,3.6329
2008/6/12,3.659
2008/6/13,3.6731
2008/6/16,3.6728
2008/6/17,3.6655
2008/6/18,3.6551
2008/6/19,3.6358
2008/6/20,3.6369
2008/6/23,3.6429
2008/6/24,3.6656
2008/6/25,3.6506
2008/6/26,3.654
2008/6/27,3.6787
2008/6/30,3.7424
2008/7/1,3.7943
2008/7/2,3.7982
2008/7/3,3.789
2008/7/4,3.7767
2008/7/7,3.7893
2008/7/8,3.7974
2008/7/9,3.7987
2008/7/10,3.7979
2008/7/11,3.7685
2008/7/14,3.7507
2008/7/15,3.7346
2008/7/16,3.7417
2008/7/17,3.7631
2008/7/18,3.7681
2008/7/21,3.7797
2008/7/22,3.781
2008/7/23,3.7794
2008/7/24,3.7674
2008/7/25,3.7681
2008/7/28,3.7804
2008/7/29,3.7843
2008/7/30,3.7856
2008/7/31,3.7892
2008/8/1,3.7979
2008/8/4,3.8195
2008/8/5,3.8293
2008/8/6,3.8266
2008/8/7,3.8152
2008/8/8,3.8002
2008/8/11,3.7973
2008/8/12,3.7944
2008/8/13,3.7919
2008/8/14,3.7911
2008/8/15,3.7877
2008/8/18,3.7837
2008/8/19,3.7825
2008/8/20,3.7802
2008/8/21,3.7551
2008/8/22,3.7329
2008/8/25,3.7141
2008/8/26,3.7193
2008/8/27,3.7243
2008/8/28,3.7283
2008/8/29,3.7145
2008/9/1,3.6899
2008/9/2,3.6752
2008/9/3,3.6585
2008/9/4,3.656
2008/9/5,3.6506
2008/9/8,3.6439
2008/9/9,3.6299
2008/9/10,3.6188
2008/9/11,3.6106
2008/9/12,3.5782
2008/9/16,3.4834
2008/9/17,3.3654
2008/9/18,3.2552
2008/9/19,3.2778
2008/9/22,3.3415
2008/9/23,3.3779
2008/9/24,3.4048
2008/9/25,3.4159
2008/9/26,3.4079
2008/10/6,3.3555
2008/10/7,3.3798
2008/10/8,3.333
2008/10/9,3.147
2008/10/10,2.9546
2008/10/13,2.8397
2008/10/14,2.7981
2008/10/15,2.7972
2008/10/16,2.7914
2008/10/17,2.766
2008/10/20,2.7741
2008/10/21,2.7843
2008/10/22,2.8004
2008/10/23,2.806
2008/10/24,2.783
2008/10/27,2.7989
2008/10/28,2.7685
2008/10/29,2.7745
2008/10/30,2.7184
2008/10/31,2.6888
2008/11/3,2.6317
2008/11/4,2.6069
2008/11/5,2.5973
2008/11/6,2.5589
2008/11/7,2.5125
2008/11/10,2.4632
2008/11/11,2.4343
2008/11/12,2.4032
2008/11/13,2.364
2008/11/14,2.3299
2008/11/17,2.3119
2008/11/18,2.2758
2008/11/19,2.2683
2008/11/20,2.2794
2008/11/21,2.2546
2008/11/24,2.2571
2008/11/25,2.2793
2008/11/26,2.285
2008/11/27,1.9901
2008/11/28,2.0208
2008/12/1,2.07
2008/12/2,1.9718
2008/12/3,1.9316
2008/12/4,1.8108
2008/12/5,1.6778
2008/12/8,1.5821
2008/12/9,1.5838
2008/12/10,1.5405
2008/12/11,1.551
2008/12/12,1.525
2008/12/15,1.4699
2008/12/16,1.4492
2008/12/17,1.3034
2008/12/18,1.2511
2008/12/19,1.1977
2008/12/22,1.1446
2008/12/23,1.1561
2008/12/24,0.926
2008/12/25,1.1338
2008/12/26,1.1363
2008/12/29,1.1774
2008/12/30,1.0906
2008/12/31,1.128
2009/1/5,0.9116
2009/1/6,1.0917
2009/1/7,1.0857
2009/1/8,0.9362
2009/1/9,1.0945
2009/1/12,1.0053
2009/1/13,1.0392
2009/1/14,1.1334
2009/1/15,1.2473
2009/1/16,1.317
2009/1/19,1.3426
2009/1/20,1.4513
2009/1/21,1.579
2009/1/22,1.4691
2009/1/23,1.4252
2009/2/2,1.4361
2009/2/3,1.5099
2009/2/4,1.611
2009/2/5,1.7143
2009/2/6,1.6768
2009/2/9,1.6452
2009/2/10,1.6625
2009/2/11,1.5963
2009/2/12,1.5562
2009/2/13,1.5531
2009/2/16,1.5495
2009/2/17,1.5684
2009/2/18,1.5634
2009/2/19,1.5345
2009/2/20,1.5207
2009/2/23,1.5072
2009/2/24,1.4945
2009/2/25,1.4641
2009/2/26,1.4827
2009/2/27,1.4877
2009/3/2,1.4907
2009/3/3,1.4842
2009/3/4,1.5258
2009/3/5,1.5006
2009/3/6,1.4889
2009/3/9,1.4842
2009/3/10,1.4734
2009/3/11,1.4624
2009/3/12,1.4801
2009/3/13,1.4733
2009/3/16,1.4405
2009/3/17,1.4711
2009/3/18,1.468
2009/3/19,1.4475
2009/3/20,1.4606
2009/3/23,1.4719
2009/3/24,1.4866
2009/3/25,1.4943
2009/3/26,1.4365
2009/3/27,1.4518
2009/3/30,1.4722
2009/3/31,1.4674
2009/4/1,1.4717
2009/4/2,1.5068
2009/4/3,1.4818
2009/4/7,1.5097
2009/4/8,1.5345
2009/4/9,1.5351
2009/4/10,1.5442
2009/4/13,1.5743
2009/4/14,1.5621
2009/4/15,1.5903
2009/4/16,1.5775
2009/4/17,1.5726
2009/4/20,1.5696
2009/4/21,1.5437
2009/4/22,1.5642
2009/4/23,1.5847
2009/4/24,1.5878
2009/4/27,1.578
2009/4/28,1.5548
2009/4/29,1.5954
2009/4/30,1.5881
2009/5/4,1.5808
2009/5/5,1.6069
2009/5/6,1.5667
2009/5/7,1.5482
2009/5/8,1.5256
2009/5/11,1.5233
2009/5/12,1.5228
2009/5/13,1.5086
2009/5/14,1.4382
2009/5/15,1.5092
2009/5/18,1.4787
2009/5/19,1.4697
2009/5/20,1.4419
2009/5/21,1.4488
2009/5/22,1.472
2009/5/25,1.4995
2009/5/26,1.5537
2009/5/27,1.4933
2009/6/1,1.4952
2009/6/2,1.55
2009/6/3,1.5419
2009/6/4,1.5402
2009/6/5,1.5144
2009/6/8,1.5142
2009/6/9,1.5431
2009/6/10,1.541
2009/6/11,1.5433
2009/6/12,1.5708
2009/6/15,1.5736
2009/6/16,1.5815
2009/6/17,1.5914
2009/6/18,1.5833
2009/6/19,1.5553
2009/6/22,1.5749
2009/6/23,1.5663
2009/6/24,1.5911
2009/6/25,1.6745
2009/6/26,1.6757
2009/6/29,1.6306
2009/6/30,1.583
2009/7/1,1.5685
2009/7/2,1.634
2009/7/3,1.6254
2009/7/6,1.6309
2009/7/7,1.6358
2009/7/8,1.5974
2009/7/9,1.6974
2009/7/10,1.7704
2009/7/13,1.7831
2009/7/14,1.8065
2009/7/15,1.8671
2009/7/16,2.0021
2009/7/17,2.0196
2009/7/20,2.0954
2009/7/21,2.0499
2009/7/22,2.0384
2009/7/23,2.0336
2009/7/24,2.0235
2009/7/27,2.0473
2009/7/28,2.0497
2009/7/29,1.9901
2009/7/30,2.0651
2009/7/31,2.0607
2009/8/3,2.0723
2009/8/4,2.1215
2009/8/5,2.1028
2009/8/6,2.1033
2009/8/7,2.0769
2009/8/10,2.1152
2009/8/11,2.0932
2009/8/12,2.0985
2009/8/13,2.0976
2009/8/14,2.0567
2009/8/17,2.0698
2009/8/18,2.084
2009/8/19,2.0829
2009/8/20,2.1119
2009/8/21,2.0822
2009/8/24,2.0772
2009/8/25,2.0814
2009/8/26,2.0882
2009/8/27,2.072
2009/8/28,2.0597
2009/8/31,2.0375
2009/9/1,2.0838
2009/9/2,2.0554
2009/9/3,2.0269
2009/9/4,2.0323
2009/9/7,2.0369
2009/9/8,2.0099
2009/9/9,1.9901
2009/9/10,2.0017
2009/9/11,1.989
2009/9/14,2.0045
2009/9/15,1.9845
2009/9/16,1.9843
2009/9/17,2.0091
2009/9/18,2.0378
2009/9/21,1.9803
2009/9/22,1.9852
2009/9/23,1.9744
2009/9/24,1.9696
2009/9/25,1.9717
2009/9/28,1.9419
2009/9/29,1.9592
2009/9/30,1.9742
2009/10/9,1.987
2009/10/12,2.0894
2009/10/13,2.0737
2009/10/14,2.0705
2009/10/15,2.1594
2009/10/16,2.1878
2009/10/19,2.145
2009/10/20,2.1727
2009/10/21,2.1576
2009/10/22,2.2238
2009/10/23,2.1221
2009/10/26,2.1818
2009/10/27,2.13
2009/10/28,2.1456
2009/10/29,2.2136
2009/10/30,2.1498
2009/11/2,2.1206
2009/11/3,2.1421
2009/11/4,2.1734
2009/11/5,2.1593
2009/11/6,2.1766
2009/11/9,2.174
2009/11/10,2.1898
2009/11/11,2.2193
2009/11/12,2.1921
2009/11/13,2.2547
2009/11/16,2.2126
2009/11/17,2.1941
2009/11/18,2.1574
2009/11/19,2.1569
2009/11/20,2.1776
2009/11/23,2.1332
2009/11/24,2.1364
2009/11/25,2.156
2009/11/26,2.0919
2009/11/27,2.1023
2009/11/30,2.1218
2009/12/1,2.0977
2009/12/2,2.1392
2009/12/3,2.0642
2009/12/4,2.0299
2009/12/7,2.075
2009/12/8,2.0893
2009/12/9,2.0593
2009/12/10,2.1097
2009/12/11,2.1244
2009/12/14,2.0789
2009/12/15,2.0898
2009/12/16,2.0917
2009/12/17,2.0926
2009/12/18,2.1326
2009/12/21,2.0877
2009/12/22,2.0835
2009/12/23,2.1458
2009/12/24,2.1113
2009/12/25,2.0842
2009/12/28,2.1096
2009/12/29,2.0528
2009/12/30,2.0841
2009/12/31,2.083
2010/1/4,2.0957
2010/1/5,2.089
2010/1/6,2.1475
2010/1/7,2.1301
2010/1/8,2.0911
2010/1/11,2.1241
2010/1/12,2.1805
2010/1/13,2.2058
2010/1/14,2.1709
2010/1/15,2.2261
2010/1/18,2.2229
2010/1/19,2.1813
2010/1/20,2.196
2010/1/21,2.1522
2010/1/22,2.2084
2010/1/25,2.2168
2010/1/26,2.2019
2010/1/27,2.2185
2010/1/28,2.2041
2010/1/29,2.1767
2010/2/1,2.1541
2010/2/2,2.195
2010/2/3,2.1662
2010/2/4,2.1695
2010/2/5,2.2039
2010/2/8,2.1891
2010/2/9,2.1259
2010/2/10,2.1718
2010/2/11,2.1263
2010/2/12,2.1382
2010/2/20,2.2421
2010/2/21,2.3456
2010/2/22,2.2099
2010/2/23,2.2044
2010/2/24,2.1876
2010/2/25,2.2032
2010/2/26,2.1461
2010/3/1,2.1731
2010/3/2,2.1094
2010/3/3,2.0573
2010/3/4,2.0465
2010/3/5,2.0372
2010/3/8,2.0433
2010/3/9,2.0558
2010/3/10,2.0361
2010/3/11,2.0431
2010/3/12,2.0538
2010/3/15,2.0318
2010/3/16,2.025
2010/3/17,1.9934
2010/3/18,1.9759
2010/3/19,1.9501
2010/3/22,1.9719
2010/3/23,1.9946
2010/3/24,2.0092
2010/3/25,2.0006
2010/3/26,1.9989
2010/3/29,2.0126
2010/3/30,2.0373
2010/3/31,2.054
2010/4/1,2.0332
2010/4/2,2.0687
2010/4/6,2.0238
2010/4/7,2.0551
2010/4/8,2.0843
2010/4/9,2.0892
2010/4/12,2.1413
2010/4/13,2.1185
2010/4/14,2.1418
2010/4/15,2.1452
2010/4/16,2.122
2010/4/19,2.1541
2010/4/20,2.1096
2010/4/21,2.0879
2010/4/22,2.0676
2010/4/23,2.0748
2010/4/26,2.0768
2010/4/27,2.0516
2010/4/28,2.0447
2010/4/29,2.0361
2010/4/30,2.0308
2010/5/4,2.0127
2010/5/5,2.036
2010/5/6,1.995
2010/5/7,2.0055
2010/5/10,1.9965
2010/5/11,1.993
2010/5/12,1.9798
2010/5/13,1.9855
2010/5/14,1.9868
2010/5/17,1.9883
2010/5/18,1.9685
2010/5/19,1.9065
2010/5/20,1.9571
2010/5/21,1.9321
2010/5/24,1.9341
2010/5/25,1.971
2010/5/26,1.9323
2010/5/27,1.9349
2010/5/28,1.9648
2010/5/31,2.0142
2010/6/1,1.9853
2010/6/2,2.0266
2010/6/3,2.0086
2010/6/4,1.9954
2010/6/7,2.0075
2010/6/8,2.0162
2010/6/9,2.0643
2010/6/10,2.0575
2010/6/11,2.0695
2010/6/17,2.0896
2010/6/18,2.092
2010/6/21,2.1487
2010/6/22,2.1913
2010/6/23,2.2019
2010/6/24,2.1614
2010/6/25,2.1891
2010/6/28,2.224
2010/6/29,2.2052
2010/6/30,2.1699
2010/7/1,2.1302
2010/7/2,2.1789
2010/7/5,2.1771
2010/7/6,2.1705
2010/7/7,2.1008
2010/7/8,2.1187
2010/7/9,2.1292
2010/7/12,2.1269
2010/7/13,2.1535
2010/7/14,2.0727
2010/7/15,2.0873
2010/7/16,2.1062
2010/7/19,2.1031
2010/7/20,2.1329
2010/7/21,2.1
2010/7/22,2.1161
2010/7/23,2.0934
2010/7/26,2.1419
2010/7/27,2.1614
2010/7/28,2.1484
2010/7/29,2.1587
2010/7/30,2.1476
2010/8/2,2.1156
2010/8/3,2.1581
2010/8/4,2.1077
2010/8/5,2.0825
2010/8/6,2.1179
2010/8/9,2.1158
2010/8/10,2.1366
2010/8/11,2.0865
2010/8/12,2.1013
2010/8/13,2.0894
2010/8/16,2.1275
2010/8/17,2.0913
2010/8/18,2.1209
2010/8/19,2.1392
2010/8/20,2.1225
2010/8/23,2.1973
2010/8/24,2.2152
2010/8/25,2.1445
2010/8/26,2.149
2010/8/27,2.1532
2010/8/30,2.153
2010/8/31,2.2071
2010/9/1,2.1815
2010/9/2,2.1785
2010/9/3,2.2137
2010/9/6,2.2202
2010/9/7,2.2512
2010/9/8,2.2044
2010/9/9,2.2235
2010/9/10,2.2167
2010/9/13,2.2266
2010/9/14,2.2523
2010/9/15,2.2716
2010/9/16,2.3124
2010/9/17,2.2703
2010/9/20,2.2886
2010/9/21,2.3079
2010/9/27,2.2739
2010/9/28,2.3393
2010/9/29,2.2853
2010/9/30,2.3065
2010/10/8,2.3236
2010/10/11,2.2991
2010/10/12,2.3092
2010/10/13,2.3042
2010/10/14,2.3241
2010/10/15,2.3171
2010/10/18,2.323
2010/10/19,2.3377
2010/10/20,2.3667
2010/10/21,2.2922
2010/10/22,2.3021
2010/10/25,2.3336
2010/10/26,2.3178
2010/10/27,2.3716
2010/10/28,2.3549
2010/10/29,2.3441
2010/11/1,2.3679
2010/11/2,2.3978
2010/11/3,2.4291
2010/11/4,2.4846
2010/11/5,2.5215
2010/11/8,2.4741
2010/11/9,2.5249
2010/11/10,2.5759
2010/11/11,2.7063
2010/11/12,2.7459
2010/11/15,2.7731
2010/11/16,2.7805
2010/11/17,2.7542
2010/11/18,2.8152
2010/11/19,2.6773
2010/11/22,2.8121
2010/11/23,2.868
2010/11/24,2.9721
2010/11/25,2.9769
2010/11/26,3.0678
2010/11/29,3.0848
2010/11/30,3.1203
2010/12/1,3.0954
2010/12/2,3.0798
2010/12/3,2.9724
2010/12/6,3.0185
2010/12/7,2.9657
2010/12/8,2.9693
2010/12/9,2.988
2010/12/10,2.9887
2010/12/13,3.0296
2010/12/14,3.028
2010/12/15,3.0523
2010/12/16,3.0679
2010/12/17,3.0702
2010/12/20,3.0733
2010/12/22,3.1511
2010/12/23,3.1892
2010/12/24,3.2539
2010/12/27,3.3179
2010/12/28,3.3704
2010/12/29,3.4008
2010/12/30,3.3001
2010/12/31,3.3398
2011/1/4,3.3393
2011/1/5,3.2428
2011/1/6,3.2205
2011/1/7,3.1858
2011/1/10,3.1327
2011/1/11,3.1779
2011/1/12,3.134
2011/1/13,3.0899
2011/1/14,3.1112
2011/1/17,3.1331
2011/1/18,3.1451
2011/1/19,3.1551
2011/1/20,3.1724
2011/1/21,3.1878
2011/1/24,3.2471
2011/1/25,3.2578
2011/1/26,3.263
2011/1/27,3.2645
2011/1/28,3.2612
2011/1/31,3.2604
2011/2/1,3.2631
2011/2/9,3.3091
2011/2/10,3.2983
2011/2/11,3.2839
2011/2/14,3.2795
2011/2/15,3.2342
2011/2/16,3.2508
2011/2/17,3.2729
2011/2/18,3.2266
2011/2/21,3.2518
2011/2/22,3.2883
2011/2/23,3.2619
2011/2/24,3.2414
2011/2/25,3.2138
2011/2/28,3.2196
2011/3/1,3.2051
2011/3/2,3.1624
2011/3/3,3.1943
2011/3/4,3.1623
2011/3/7,3.1907
2011/3/8,3.2417
2011/3/9,3.199
2011/3/10,3.2001
2011/3/11,3.1911
2011/3/14,3.1765
2011/3/15,3.1769
2011/3/16,3.1813
2011/3/17,3.1778
2011/3/18,3.1579
2011/3/21,3.1918
2011/3/22,3.1814
2011/3/23,3.171
2011/3/24,3.1515
2011/3/25,3.1565
2011/3/28,3.1611
2011/3/29,3.1629
2011/3/30,3.1786
2011/3/31,3.1614
2011/4/1,3.1594
2011/4/6,3.1455
2011/4/7,3.1388
2011/4/8,3.1465
2011/4/11,3.1393
2011/4/12,3.1315
2011/4/13,3.1006
2011/4/14,3.0927
2011/4/15,3.0789
2011/4/18,3.1043
2011/4/19,3.0844
2011/4/20,3.0792
2011/4/21,3.1051
2011/4/22,3.1026
2011/4/25,3.1055
2011/4/26,3.108
2011/4/27,3.1091
2011/4/28,3.094
2011/4/29,3.087
2011/5/3,3.142
2011/5/4,3.1005
2011/5/5,3.1009
2011/5/6,3.0879
2011/5/9,3.0866
2011/5/10,3.0977
2011/5/11,3.0943
2011/5/12,3.087
2011/5/13,3.1221
2011/5/16,3.1483
2011/5/17,3.1456
2011/5/18,3.1466
2011/5/19,3.1573
2011/5/20,3.1686
2011/5/23,3.1923
2011/5/24,3.1793
2011/5/25,3.1921
2011/5/26,3.178
2011/5/27,3.1707
2011/5/30,3.1688
2011/5/31,3.1745
2011/6/1,3.204
2011/6/2,3.1853
2011/6/3,3.177
2011/6/7,3.1837
2011/6/8,3.2006
2011/6/9,3.1885
2011/6/10,3.2028
2011/6/13,3.2107
2011/6/14,3.2596
2011/6/15,3.4121
2011/6/16,3.4265
2011/6/17,3.4465
2011/6/20,3.4643
2011/6/21,3.5233
2011/6/22,3.5361
2011/6/23,3.5813
2011/6/24,3.5525
2011/6/27,3.4443
2011/6/28,3.5458
2011/6/29,3.4927
2011/6/30,3.4916
2011/7/1,3.4262
2011/7/4,3.4108
2011/7/5,3.4052
2011/7/6,3.4217
2011/7/7,3.4569
2011/7/8,3.4426
2011/7/11,3.4155
2011/7/12,3.4388
2011/7/13,3.4993
2011/7/14,3.4869
2011/7/15,3.4862
2011/7/18,3.5108
2011/7/19,3.6293
2011/7/20,3.5838
2011/7/21,3.6857
2011/7/22,3.7073
2011/7/25,3.7668
2011/7/26,3.7069
2011/7/27,3.7075
2011/7/28,3.7055
2011/7/29,3.7251
2011/8/1,3.7115
2011/8/2,3.7143
2011/8/3,3.7245
2011/8/4,3.7177
2011/8/5,3.6858
2011/8/8,3.6583
2011/8/9,3.6277
2011/8/10,3.6379
2011/8/11,3.5877
2011/8/12,3.5983
2011/8/15,3.5968
2011/8/16,3.6118
2011/8/17,3.63
2011/8/18,3.6263
2011/8/19,3.6215
2011/8/22,3.6424
2011/8/23,3.6461
2011/8/24,3.6445
2011/8/25,3.6831
2011/8/26,3.6872
2011/8/29,3.8534
2011/8/30,3.9487
2011/8/31,3.9109
2011/9/1,3.8875
2011/9/2,3.8972
2011/9/5,3.8701
2011/9/6,3.8498
2011/9/7,3.918
2011/9/8,3.9393
2011/9/9,3.9246
2011/9/13,3.9103
2011/9/14,3.9277
2011/9/15,3.9097
2011/9/16,3.9718
2011/9/19,3.9659
2011/9/20,3.9381
2011/9/21,3.933
2011/9/22,3.9274
2011/9/23,3.8013
2011/9/26,3.7213
2011/9/27,3.7293
2011/9/28,3.7279
2011/9/29,3.6846
2011/9/30,3.7103
2011/10/10,3.4976
2011/10/11,3.4316
2011/10/12,3.3897
2011/10/13,3.3199
2011/10/14,3.2805
2011/10/17,3.3462
2011/10/18,3.3398
2011/10/19,3.3743
2011/10/20,3.3387
2011/10/21,3.3733
2011/10/24,3.3737
2011/10/25,3.4124
2011/10/26,3.4097
2011/10/27,3.4093
2011/10/28,3.3828
2011/10/31,3.3542
2011/11/1,3.3106
2011/11/2,3.2909
2011/11/3,3.2554
2011/11/4,3.2484
2011/11/7,3.2584
2011/11/8,3.2039
2011/11/9,2.9555
2011/11/10,2.9283
2011/11/11,2.933
2011/11/14,2.9418
2011/11/15,2.9516
2011/11/16,2.9546
2011/11/17,2.9535
2011/11/18,2.9738
2011/11/21,2.9852
2011/11/22,2.9782
2011/11/23,2.975
2011/11/24,2.9559
2011/11/25,2.9626
2011/11/28,2.9503
2011/11/29,2.9449
2011/11/30,2.9407
2011/12/1,2.7653
2011/12/2,2.7814
2011/12/5,2.7583
2011/12/6,2.7649
2011/12/7,2.7573
2011/12/8,2.7724
2011/12/9,2.7635
2011/12/12,2.7928
2011/12/13,2.8082
2011/12/14,2.8262
2011/12/15,2.8131
2011/12/16,2.7736
2011/12/19,2.8001
2011/12/20,2.7933
2011/12/21,2.7774
2011/12/22,2.7927
2011/12/23,2.7892
2011/12/26,2.797
2011/12/27,2.8146
2011/12/28,2.8297
2011/12/29,2.828
2011/12/30,2.801
2012/1/4,2.8028
2012/1/5,2.8283
2012/1/6,2.8054
2012/1/9,2.8474
2012/1/10,2.8476
2012/1/11,2.8571
2012/1/12,2.8364
2012/1/13,2.8538
2012/1/16,2.8566
2012/1/17,2.8596
2012/1/18,2.875
2012/1/19,2.8724
2012/1/20,2.8611
2012/1/30,2.849
2012/1/31,2.8452
2012/2/1,2.8482
2012/2/2,2.8654
2012/2/3,2.8635
2012/2/6,2.8696
2012/2/7,2.8761
2012/2/8,2.9309
2012/2/9,2.994
2012/2/10,2.9967
2012/2/13,2.9831
2012/2/14,2.9947
2012/2/15,3.0088
2012/2/16,3.0245
2012/2/17,3.0347
2012/2/20,2.9804
2012/2/21,3.0072
2012/2/22,3.0079
2012/2/23,3.0104
2012/2/24,3.0054
2012/2/27,3.0067
2012/2/28,3.0132
2012/2/29,3.017
2012/3/1,3.0069
2012/3/2,3.0148
2012/3/5,3.0241
2012/3/6,3.0148
2012/3/7,3.012
2012/3/8,2.9639
2012/3/9,2.9678
2012/3/12,2.9496
2012/3/13,2.953
2012/3/14,2.9617
2012/3/15,2.9683
2012/3/16,2.9586
2012/3/19,2.9735
2012/3/20,2.9603
2012/3/21,2.975
2012/3/22,2.9617
2012/3/23,2.9666
2012/3/26,2.9554
2012/3/27,2.9399
2012/3/28,2.931
2012/3/29,2.8541
2012/3/30,2.8533
2012/4/5,2.8732
2012/4/6,2.9004
2012/4/9,2.8883
2012/4/10,2.8881
2012/4/11,2.8885
2012/4/12,2.9096
2012/4/13,2.8961
2012/4/16,2.8983
2012/4/17,2.8813
2012/4/18,2.8798
2012/4/19,2.8636
2012/4/20,2.8578
2012/4/23,2.8752
2012/4/24,2.8841
2012/4/25,2.8905
2012/4/26,2.8966
2012/4/27,2.9052
2012/5/2,2.9056
2012/5/3,2.9063
2012/5/4,2.9102
2012/5/7,2.9072
2012/5/8,2.9056
2012/5/9,2.8998
2012/5/10,2.8475
2012/5/11,2.792
2012/5/14,2.6815
2012/5/15,2.5539
2012/5/16,2.4992
2012/5/17,2.5685
2012/5/18,2.5352
2012/5/21,2.55
2012/5/22,2.567
2012/5/23,2.5621
2012/5/24,2.4686
2012/5/25,2.416
2012/5/28,2.4192
2012/5/29,2.425
2012/5/30,2.4345
2012/5/31,2.4123
2012/6/1,2.3725
2012/6/4,2.353
2012/6/5,2.3758
2012/6/6,2.3761
2012/6/7,2.4061
2012/6/8,2.319
2012/6/11,2.3469
2012/6/12,2.361
2012/6/13,2.3838
2012/6/14,2.4041
2012/6/15,2.3927
2012/6/18,2.4301
2012/6/19,2.4482
2012/6/20,2.4663
2012/6/21,2.4286
2012/6/25,2.4223
2012/6/26,2.4124
2012/6/27,2.3872
2012/6/28,2.3566
2012/6/29,2.3516
2012/7/2,2.3662
2012/7/3,2.3536
2012/7/4,2.3499
2012/7/5,2.3429
2012/7/6,2.2714
2012/7/9,2.2613
2012/7/10,2.2577
2012/7/11,2.2551
2012/7/12,2.2517
2012/7/13,2.2564
2012/7/16,2.2598
2012/7/17,2.2493
2012/7/18,2.2695
2012/7/19,2.3026
2012/7/20,2.2981
2012/7/23,2.3058
2012/7/24,2.2999
2012/7/25,2.3431
2012/7/26,2.3689
2012/7/27,2.3591
2012/7/30,2.3675
2012/7/31,2.3974
2012/8/1,2.3864
2012/8/2,2.3773
2012/8/3,2.404
2012/8/6,2.4622
2012/8/7,2.5969
2012/8/8,2.6268
2012/8/9,2.5912
2012/8/10,2.5801
2012/8/13,2.609
2012/8/14,2.6268
2012/8/15,2.6995
2012/8/16,2.6829
2012/8/17,2.6889
2012/8/20,2.7675
2012/8/21,2.7643
2012/8/22,2.8246
2012/8/23,2.8117
2012/8/24,2.8043
2012/8/27,2.7985
2012/8/28,2.8096
2012/8/29,2.8465
2012/8/30,2.8597
2012/8/31,2.8481
2012/9/3,2.8449
2012/9/4,2.8143
2012/9/5,2.8138
2012/9/6,2.8179
2012/9/7,2.845
2012/9/10,2.8697
2012/9/11,2.8873
2012/9/12,3.0321
2012/9/13,3.0336
2012/9/14,3.1346
2012/9/17,3.0924
2012/9/18,3.0227
2012/9/19,3.0611
2012/9/20,3.0342
2012/9/21,3.0104
2012/9/24,3.0205
2012/9/25,2.987
2012/9/26,2.9295
2012/9/27,2.9307
2012/9/28,2.9383
2012/10/8,2.9481
2012/10/9,2.9533
2012/10/10,2.954
2012/10/11,2.9406
2012/10/12,2.9312
2012/10/15,2.9435
2012/10/16,2.922
2012/10/17,3.0317
2012/10/18,2.9661
2012/10/19,2.9726
2012/10/22,2.9627
2012/10/23,2.9689
2012/10/24,2.9603
2012/10/25,2.9651
2012/10/26,2.9801
2012/10/29,2.9946
2012/10/30,3.0088
2012/10/31,3.002
2012/11/1,3.0545
2012/11/2,3.0884
2012/11/5,3.0479
2012/11/6,3.0417
2012/11/7,3.042
2012/11/8,3.057
2012/11/9,3.0538
2012/11/12,3.054
2012/11/13,3.0495
2012/11/14,3.0538
2012/11/15,3.0466
2012/11/16,3.0298
2012/11/19,2.9779
2012/11/20,2.9525
2012/11/21,2.9258
2012/11/22,2.9141
2012/11/23,2.9254
2012/11/26,2.9517
2012/11/27,2.9542
2012/11/28,2.9586
2012/11/29,2.9458
2012/11/30,2.9527
2012/12/3,2.97
2012/12/4,2.9766
2012/12/5,3.02
2012/12/6,3.0356
2012/12/7,3.0471
2012/12/10,3.0586
2012/12/11,3.0634
2012/12/12,3.0588
2012/12/13,3.076
2012/12/14,3.0871
2012/12/17,3.0974
2012/12/18,3.0974
2012/12/19,3.107
2012/12/20,3.102
2012/12/21,3.1079
2012/12/24,3.1297
2012/12/25,3.1368
2012/12/26,3.1309
2012/12/27,3.1066
2012/12/28,3.0908
2012/12/31,3.087
2013/1/4,3.1051
2013/1/7,3.0363
2013/1/8,3.034
2013/1/9,3.0179
2013/1/10,3.0172
2013/1/11,2.9936
2013/1/14,3.0192
2013/1/15,2.9715
2013/1/16,2.9952
2013/1/17,2.9984
2013/1/18,2.9478
2013/1/21,2.966
2013/1/22,2.9904
2013/1/23,2.988
2013/1/24,2.9221
2013/1/25,3.0144
2013/1/28,3.0174
2013/1/29,2.9448
2013/1/30,2.9416
2013/1/31,2.9095
2013/2/1,3.0682
2013/2/4,3.0507
2013/2/5,3.0275
2013/2/6,3.0279
2013/2/7,3.0263
2013/2/8,3.0084
2013/2/18,3.0095
2013/2/19,3.0132
2013/2/20,3.0306
2013/2/21,2.992
2013/2/22,3.0064
2013/2/25,3.034
2013/2/26,3.056
2013/2/27,3.0461
2013/2/28,3.0686
2013/3/1,3.0484
2013/3/4,3.0465
2013/3/5,3.0392
2013/3/6,3.0343
2013/3/7,3.0352
2013/3/8,3.0405
2013/3/11,3.0535
2013/3/12,3.0429
2013/3/13,3.0435
2013/3/14,3.0418
2013/3/15,3.0389
2013/3/18,3.0492
2013/3/19,3.041
2013/3/20,3.0492
2013/3/21,3.0451
2013/3/22,3.0452
2013/3/25,3.0495
2013/3/26,3.0516
2013/3/27,3.0533
2013/3/28,3.0568
2013/3/29,3.0528
2013/4/1,3.0195
2013/4/2,2.9868
2013/4/3,2.9496
2013/4/8,2.9522
2013/4/9,2.9771
2013/4/10,2.9923
2013/4/11,2.9753
2013/4/12,2.9759
2013/4/15,2.9555
2013/4/16,2.948
2013/4/17,2.9432
2013/4/18,2.9691
2013/4/19,2.9815
2013/4/22,2.9874
2013/4/23,2.9971
2013/4/24,2.9827
2013/4/25,2.9667
2013/4/26,2.9626
2013/5/2,2.9648
2013/5/3,2.9601
2013/5/6,2.964
2013/5/7,2.9614
2013/5/8,2.968
2013/5/9,2.9737
2013/5/10,2.981
2013/5/13,2.978
2013/5/14,2.9822
2013/5/15,2.9801
2013/5/16,2.9928
2013/5/17,3.004
2013/5/20,3.0052
2013/5/21,3.011
2013/5/22,3.0147
2013/5/23,3.0151
2013/5/24,3.024
2013/5/27,3.0138
2013/5/28,3.024
2013/5/29,3.0265
2013/5/30,3.0421
2013/5/31,3.0567
2013/6/3,3.063
2013/6/4,3.0759
2013/6/5,3.0836
2013/6/6,3.1046
2013/6/7,3.1322
2013/6/13,3.1359
2013/6/14,3.1975
2013/6/17,3.2033
2013/6/18,3.2691
2013/6/19,3.3465
2013/6/20,3.6516
2013/6/21,3.6515
2013/6/24,3.6373
2013/6/25,3.6175
2013/6/26,3.4864
2013/6/27,3.3506
2013/6/28,3.2556
2013/7/1,3.2401
2013/7/2,3.2093
2013/7/3,3.1707
2013/7/4,3.1441
2013/7/5,3.1293
2013/7/8,3.1618
2013/7/9,3.1745
2013/7/10,3.2068
2013/7/11,3.2569
2013/7/12,3.2947
2013/7/15,3.315
2013/7/16,3.3092
2013/7/17,3.3358
2013/7/18,3.3603
2013/7/19,3.4164
2013/7/22,3.4465
2013/7/23,3.5602
2013/7/24,3.6192
2013/7/25,3.5764
2013/7/26,3.5369
2013/7/29,3.5527
2013/7/30,3.5502
2013/7/31,3.5316
2013/8/1,3.5005
2013/8/2,3.478
2013/8/5,3.4747
2013/8/6,3.505
2013/8/7,3.5084
2013/8/8,3.5187
2013/8/9,3.528
2013/8/12,3.537
2013/8/13,3.603
2013/8/14,3.7299
2013/8/15,3.7556
2013/8/16,3.7239
2013/8/19,3.7657
2013/8/20,3.7887
2013/8/21,3.7988
2013/8/22,3.8375
2013/8/23,3.8155
2013/8/26,3.7889
2013/8/27,3.7671
2013/8/28,3.7878
2013/8/29,3.8207
2013/8/30,3.7938
2013/9/2,3.7949
2013/9/3,3.8187
2013/9/4,3.8593
2013/9/5,3.8795
2013/9/6,3.8716
2013/9/9,3.8632
2013/9/10,3.8737
2013/9/11,3.9249
2013/9/12,3.9353
2013/9/13,3.8904
2013/9/16,3.877
2013/9/17,3.8274
2013/9/18,3.8327
2013/9/23,3.8212
2013/9/24,3.8024
2013/9/25,3.8009
2013/9/26,3.7577
2013/9/27,3.7472
2013/9/30,3.7659
2013/10/8,3.7538
2013/10/9,3.7437
2013/10/10,3.7519
2013/10/11,3.7277
2013/10/14,3.722
2013/10/15,3.6949
2013/10/16,3.713
2013/10/17,3.6884
2013/10/18,3.7342
2013/10/21,3.7408
2013/10/22,3.7531
2013/10/23,3.7585
2013/10/24,3.8061
2013/10/25,3.8064
2013/10/28,3.8172
2013/10/29,3.9342
2013/10/30,4.0144
2013/10/31,3.9856
2013/11/1,3.9552
2013/11/4,3.9727
2013/11/5,3.987
2013/11/6,4.0076
2013/11/7,4.0719
2013/11/8,4.1551
2013/11/11,4.2067
2013/11/12,4.2204
2013/11/13,4.3217
2013/11/14,4.3497
2013/11/15,4.4406
2013/11/18,4.4507
2013/11/19,4.4156
2013/11/20,4.4071
2013/11/21,4.3674
2013/11/22,4.2996
2013/11/25,4.2855
2013/11/26,4.2714
2013/11/27,4.2711
2013/11/28,4.2438
2013/11/29,4.1472
2013/12/2,4.2658
2013/12/3,4.2243
2013/12/4,4.2008
2013/12/5,4.27
2013/12/6,4.3006
2013/12/9,4.3746
2013/12/10,4.3827
2013/12/11,4.3674
2013/12/12,4.379
2013/12/13,4.3257
2013/12/16,4.3149
2013/12/17,4.3262
2013/12/18,4.3269
2013/12/19,4.3754
2013/12/20,4.4105
2013/12/23,4.3943
2013/12/24,4.3738
2013/12/25,4.3991
2013/12/26,4.3841
2013/12/27,4.3511
2013/12/30,4.3331
2013/12/31,4.3362
2014/1/2,4.3499
2014/1/3,4.3801
2014/1/6,4.3906
2014/1/7,4.3537
2014/1/8,4.2793
2014/1/9,4.309
2014/1/10,4.2993
2014/1/13,4.3088
2014/1/14,4.2836
2014/1/15,4.2667
2014/1/16,4.2301
2014/1/17,4.1881
2014/1/20,4.211
2014/1/21,4.128
2014/1/22,4.0448
2014/1/23,3.8876
2014/1/24,3.7833
2014/1/27,3.7806
2014/1/28,3.8164
2014/1/29,3.7929
2014/1/30,3.8239
2014/2/7,3.8062
2014/2/10,3.6924
2014/2/11,3.6618
2014/2/12,3.7085
2014/2/13,3.7081
2014/2/14,3.6704
2014/2/17,3.643
2014/2/18,3.6526
2014/2/19,3.634
2014/2/20,3.6518
2014/2/21,3.6851
2014/2/24,3.6679
2014/2/25,3.61
2014/2/26,3.5544
2014/2/27,3.5136
2014/2/28,3.6067
2014/3/3,3.5655
2014/3/4,3.5702
2014/3/5,3.6003
2014/3/6,3.6174
2014/3/7,3.6104
2014/3/10,3.6083
2014/3/11,3.5711
2014/3/12,3.5199
2014/3/13,3.4777
2014/3/14,3.4553
2014/3/17,3.4811
2014/3/18,3.4663
2014/3/19,3.5349
2014/3/20,3.5736
2014/3/21,3.5523
2014/3/24,3.5615
2014/3/25,3.4922
2014/3/26,3.4601
2014/3/27,3.4092
2014/3/28,3.4046
2014/3/31,3.4035
2014/4/1,3.3931
2014/4/2,3.4359
2014/4/3,3.4367
2014/4/4,3.432
2014/4/8,3.4521
2014/4/9,3.5134
2014/4/10,3.5984
2014/4/11,3.6181
2014/4/14,3.664
2014/4/15,3.679
2014/4/16,3.6933
2014/4/17,3.7004
2014/4/18,3.6978
2014/4/21,3.7072
2014/4/22,3.7145
2014/4/23,3.7069
2014/4/24,3.6991
2014/4/25,3.7283
2014/4/28,3.7327
2014/4/29,3.7249
2014/4/30,3.6971
2014/5/5,3.7121
2014/5/6,3.7203
2014/5/7,3.7129
2014/5/8,3.6829
2014/5/9,3.7123
2014/5/12,3.6712
2014/5/13,3.6702
2014/5/14,3.6831
2014/5/15,3.716
2014/5/16,3.6906
2014/5/19,3.7131
2014/5/20,3.7214
2014/5/21,3.6762
2014/5/22,3.6918
2014/5/23,3.6979
2014/5/26,3.7307
2014/5/27,3.7116
2014/5/28,3.6956
2014/5/29,3.6801
2014/5/30,3.6885
2014/6/3,3.6606
2014/6/4,3.6153
2014/6/5,3.5967
2014/6/6,3.5967
2014/6/9,3.6287
2014/6/10,3.5778
2014/6/11,3.5792
2014/6/12,3.6088
2014/6/13,3.5795
2014/6/16,3.5804
2014/6/17,3.597
2014/6/18,3.601
2014/6/19,3.6022
2014/6/20,3.6291
2014/6/23,3.6225
2014/6/24,3.597
2014/6/25,3.5906
2014/6/26,3.6106
2014/6/27,3.5992
2014/6/30,3.5942
2014/7/1,3.6073
2014/7/2,3.6308
2014/7/3,3.678
2014/7/4,3.6831
2014/7/7,3.686
2014/7/8,3.6588
2014/7/9,3.638
2014/7/10,3.6792
2014/7/11,3.7021
2014/7/14,3.6907
2014/7/15,3.7315
2014/7/16,3.7163
2014/7/17,3.8271
2014/7/18,3.8644
2014/7/21,3.9621
2014/7/22,3.9032
2014/7/23,3.8782
2014/7/24,3.8612
2014/7/25,3.8894
2014/7/28,3.8713
2014/7/29,3.8886
2014/7/30,3.8904
2014/7/31,3.8934
2014/8/1,3.8748
2014/8/4,3.8715
2014/8/5,3.8566
2014/8/6,3.8582
2014/8/7,3.8571
2014/8/8,3.8554
2014/8/11,3.8434
2014/8/12,3.8518
2014/8/13,3.8721
2014/8/14,3.8773
2014/8/15,3.873
2014/8/18,3.8881
2014/8/19,3.899
2014/8/20,3.8995
2014/8/21,3.9154
2014/8/22,3.9256
2014/8/25,3.9314
2014/8/26,3.9311
2014/8/27,3.9217
2014/8/28,3.907
2014/8/29,3.9178
2014/9/1,3.9078
2014/9/2,3.913
2014/9/3,3.9128
2014/9/4,3.9096
2014/9/5,3.9205
2014/9/9,3.9222
2014/9/10,3.9375
2014/9/11,3.9421
2014/9/12,3.951
2014/9/15,3.9372
2014/9/16,3.9462
2014/9/17,3.937
2014/9/18,3.9178
2014/9/19,3.8797
2014/9/22,3.8183
2014/9/23,3.822
2014/9/24,3.844
2014/9/25,3.8436
2014/9/26,3.8251
2014/9/29,3.8188
2014/9/30,3.8328
2014/10/8,3.8151
2014/10/9,3.8292
2014/10/10,3.833
2014/10/13,3.8121
2014/10/14,3.7453
2014/10/15,3.6459
2014/10/16,3.5994
2014/10/17,3.6153
2014/10/20,3.5815
2014/10/21,3.5257
2014/10/22,3.5157
2014/10/23,3.524
2014/10/24,3.5054
2014/10/27,3.5133
2014/10/28,3.4896
2014/10/29,3.4464
2014/10/30,3.433
2014/10/31,3.4207
2014/11/3,3.3946
2014/11/4,3.3694
2014/11/5,3.2818
2014/11/6,3.2857
2014/11/7,3.2931
2014/11/10,3.2301
2014/11/11,3.2162
2014/11/12,3.1851
2014/11/13,3.1894
2014/11/14,3.2128
2014/11/17,3.2242
2014/11/18,3.2525
2014/11/19,3.2533
2014/11/20,3.2516
2014/11/21,3.3294
2014/11/24,3.2154
2014/11/25,3.2157
2014/11/26,3.1449
2014/11/27,3.155
2014/11/28,3.1596
2014/12/1,3.1547
2014/12/2,3.1632
2014/12/3,3.191
2014/12/4,3.207
2014/12/5,3.2479
2014/12/8,3.2928
2014/12/9,3.3337
2014/12/10,3.4379
2014/12/11,3.4203
2014/12/12,3.4096
2014/12/15,3.4236
2014/12/16,3.4411
2014/12/17,3.409
2014/12/18,3.4334
2014/12/19,3.4234
2014/12/22,3.4062
2014/12/23,3.4275
2014/12/24,3.4242
2014/12/25,3.3856
2014/12/26,3.3831
2014/12/29,3.4692
2014/12/30,3.4261
2014/12/31,3.3519
2015/1/5,3.347
2015/1/6,3.3669
2015/1/7,3.3729
2015/1/8,3.277
2015/1/9,3.319
2015/1/12,3.3609
2015/1/13,3.3336
2015/1/14,3.3111
2015/1/15,3.2568
2015/1/16,3.2296
2015/1/19,3.2388
2015/1/20,3.2416
2015/1/21,3.2428
2015/1/22,3.2378
2015/1/23,3.2139
2015/1/26,3.2093
2015/1/27,3.1928
2015/1/28,3.1847
2015/1/29,3.2121
2015/1/30,3.2056
2015/2/2,3.2023
2015/2/3,3.2109
2015/2/4,3.2062
2015/2/5,3.1597
2015/2/6,3.1949
2015/2/9,3.1792
2015/2/10,3.159
2015/2/11,3.163
2015/2/12,3.1397
2015/2/13,3.1513
2015/2/16,3.146
2015/2/17,3.1245
2015/2/25,3.1476
2015/2/26,3.1453
2015/2/27,3.159
2015/3/2,3.14
2015/3/3,3.1732
2015/3/4,3.1875
2015/3/5,3.1957
2015/3/6,3.2314
2015/3/9,3.2563
2015/3/10,3.2359
2015/3/11,3.2409
2015/3/12,3.2352
2015/3/13,3.2101
2015/3/16,3.2277
2015/3/17,3.2575
2015/3/18,3.2397
2015/3/19,3.2438
2015/3/20,3.2313
2015/3/23,3.2394
2015/3/24,3.2481
2015/3/25,3.2264
2015/3/26,3.2476
2015/3/27,3.2793
2015/3/30,3.2889
2015/3/31,3.3726
2015/4/1,3.3382
2015/4/2,3.3335
2015/4/3,3.2872
2015/4/7,3.2808
2015/4/8,3.2568
2015/4/9,3.2612
2015/4/10,3.2883
2015/4/13,3.2489
2015/4/14,3.2792
2015/4/15,3.2574
2015/4/16,3.2037
2015/4/17,3.2024
2015/4/20,3.1674
2015/4/21,3.1234
2015/4/22,3.1235
2015/4/23,3.0892
2015/4/24,3.087
2015/4/27,3.1329
2015/4/28,3.0948
2015/4/29,3.0813
2015/4/30,3.0949
2015/5/4,3.0629
2015/5/5,3.0318
2015/5/6,3.0247
2015/5/7,3.0484
2015/5/8,3.002
2015/5/11,2.976
2015/5/12,2.9091
2015/5/13,2.8836
2015/5/14,2.7217
2015/5/15,2.5976
2015/5/18,2.6317
2015/5/20,2.6751
2015/5/21,2.7217
2015/5/22,2.7034
2015/5/25,2.6523
2015/5/26,2.6401
2015/5/27,2.6043
2015/5/28,2.5835
2015/5/29,2.5914
2015/6/1,2.5805
2015/6/2,2.5773
2015/6/3,2.5805
2015/6/4,2.5437
2015/6/5,2.5036
2015/6/8,2.5308
2015/6/9,2.5098
2015/6/10,2.4887
2015/6/11,2.484
2015/6/12,2.5015
2015/6/15,2.4877
2015/6/16,2.4615
2015/6/17,2.4904
2015/6/18,2.5147
2015/6/19,2.4268
2015/6/23,2.4732
2015/6/24,2.3728
2015/6/25,2.4182
2015/6/26,2.3464
2015/6/29,2.4629
2015/6/30,2.481
2015/7/1,2.5404
2015/7/2,2.4602
2015/7/3,2.3609
2015/7/6,2.4161
2015/7/7,2.4762
2015/7/8,2.4167
2015/7/9,2.5421
2015/7/10,2.5028
2015/7/13,2.5428
2015/7/14,2.5501
2015/7/15,2.5561
2015/7/16,2.5482
2015/7/17,2.5667
2015/7/20,2.6147
2015/7/21,2.5906
2015/7/22,2.6124
2015/7/23,2.5748
2015/7/24,2.5238
2015/7/27,2.5312
2015/7/28,2.5362
2015/7/29,2.5295
2015/7/30,2.5123
2015/7/31,2.5968
2015/8/3,2.5558
2015/8/4,2.6239
2015/8/5,2.5746
2015/8/6,2.5523
2015/8/7,2.5519
2015/8/10,2.5233
2015/8/11,2.5285
2015/8/12,2.6312
2015/8/13,2.5478
2015/8/14,2.579
2015/8/17,2.6775
2015/8/18,2.5718
2015/8/20,2.5584
2015/8/21,2.5654
2015/8/24,2.5093
2015/8/25,2.5218
2015/8/26,2.5712
2015/8/27,2.5725
2015/8/28,2.6863
2015/8/31,2.6129
2015/9/1,2.6822
2015/9/2,2.6909
2015/9/7,2.716
2015/9/8,2.636
2015/9/9,2.6661
2015/9/10,2.6555
2015/9/11,2.6292
2015/9/14,2.6668
2015/9/16,2.6273
2015/9/17,2.748
2015/9/18,2.7274
2015/9/21,2.7909
2015/9/22,2.7996
2015/9/23,2.7986
2015/9/24,2.8269
2015/9/25,2.8368
2015/9/28,2.847
2015/9/29,2.819
2015/9/30,2.8565
2015/10/8,2.8479
2015/10/9,2.8151
2015/10/16,2.7635
2015/10/21,2.746
2015/10/22,2.744
2015/10/23,2.7216
2015/10/26,2.7251
2015/10/27,2.697
2015/10/28,2.6715
2015/10/29,2.6173
2015/10/30,2.6703
2015/11/2,2.6805
2015/11/3,2.6952
2015/11/4,2.69
2015/11/5,2.6857
2015/11/6,2.7055
2015/11/9,2.7564
2015/11/10,2.7746
2015/11/11,2.7796
2015/11/12,2.7685
2015/11/13,2.7629
2015/11/16,2.7777
2015/11/17,2.7872
2015/11/18,2.7808
2015/11/19,2.7836
2015/11/20,2.7672
2015/11/23,2.7671
2015/11/24,2.7776
2015/11/25,2.7626
2015/11/26,2.7885
2015/11/27,2.7681
2015/11/30,2.7664
2015/12/1,2.7465
2015/12/2,2.7498
2015/12/3,2.7473
2015/12/4,2.6541
2015/12/7,2.6711
2015/12/8,2.6542
2015/12/9,2.6638
2015/12/10,2.6875
2015/12/11,2.6969
2015/12/14,2.6969
2015/12/15,2.6528
2015/12/16,2.6446
2015/12/17,2.6639
2015/12/18,2.6148
2015/12/21,2.6649
2015/12/22,2.5686
2015/12/23,2.5204
2015/12/24,2.5133
2015/12/25,2.5269
2015/12/28,2.4849
2015/12/29,2.4694
2015/12/30,2.4784
2015/12/31,2.4626
2016/1/4,2.4796
2016/1/5,2.5232
2016/1/6,2.5458
2016/1/7,2.5318
2016/1/8,2.5175
2016/1/11,2.5038
2016/1/12,2.5064
2016/1/13,2.5079
2016/1/14,2.506
2016/1/15,2.4593
2016/1/18,2.5186
2016/1/19,2.467
2016/1/20,2.5202
2016/1/21,2.5391
2016/1/22,2.5264
2016/1/25,2.5205
2016/1/26,2.5828
2016/1/27,2.4587
2016/1/28,2.5546
2016/1/29,2.564
2016/2/1,2.5581
2016/2/2,2.5561
2016/2/3,2.5818
2016/2/4,2.5734
2016/2/5,2.533
2016/2/15,2.5117
2016/2/16,2.5433
2016/2/17,2.5308
2016/2/18,2.5279
2016/2/19,2.5279
2016/2/22,2.5247
2016/2/23,2.5036
2016/2/24,2.5086
2016/2/25,2.5134
2016/2/26,2.5067
2016/2/29,2.4934
2016/3/1,2.4628
2016/3/2,2.4633
2016/3/3,2.4679
2016/3/4,2.498
2016/3/7,2.4765
2016/3/8,2.4758
2016/3/9,2.483
2016/3/10,2.4602
2016/3/11,2.4659
2016/3/14,2.4581
2016/3/15,2.4129
2016/3/16,2.385
2016/3/17,2.3472
2016/3/18,2.3221
2016/3/21,2.3031
2016/3/22,2.2837
2016/3/23,2.2733
2016/3/24,2.273
2016/3/25,2.2573
2016/3/28,2.2668
2016/3/29,2.2645
2016/3/30,2.2692
2016/3/31,2.2222
2016/4/1,2.3118
2016/4/5,2.3057
2016/4/6,2.3054
2016/4/7,2.3048
2016/4/8,2.3215
2016/4/11,2.303
2016/4/12,2.3627
2016/4/13,2.3659
2016/4/14,2.3771
2016/4/15,2.408
2016/4/18,2.378
2016/4/19,2.3762
2016/4/20,2.3974
2016/4/21,2.407
2016/4/22,2.3997
2016/4/25,2.4158
2016/4/26,2.5549
2016/4/27,2.5601
2016/4/28,2.5627
2016/4/29,2.5487
2016/5/3,2.4551
2016/5/4,2.507
2016/5/5,2.5194
2016/5/6,2.5171
2016/5/9,2.5398
2016/5/10,2.5171
2016/5/11,2.5102
2016/5/12,2.4811
2016/5/13,2.4938
2016/5/16,2.4382
2016/5/17,2.4967
2016/5/18,2.5073
2016/5/19,2.5136
2016/5/20,2.4629
2016/5/23,2.4207
2016/5/24,2.4298
2016/5/25,2.4456
2016/5/26,2.4681
2016/5/27,2.4721
2016/5/30,2.3927
2016/5/31,2.5564
2016/6/1,2.4248
2016/6/2,2.4367
2016/6/3,2.4842
2016/6/6,2.4817
2016/6/7,2.4954
2016/6/8,2.5168
2016/6/13,2.5481
2016/6/14,2.5252
2016/6/15,2.472
2016/6/16,2.5203
2016/6/17,2.5263
2016/6/20,2.5228
2016/6/21,2.5238
2016/6/22,2.5396
2016/6/23,2.5308
2016/6/24,2.5177
2016/6/27,2.5235
2016/6/28,2.5456
2016/6/29,2.5323
2016/6/30,2.5225
2016/7/1,2.5154
2016/7/4,2.5248
2016/7/5,2.5164
2016/7/6,2.5039
2016/7/7,2.4742
2016/7/8,2.4696
2016/7/11,2.4681
2016/7/12,2.4721
2016/7/13,2.4286
2016/7/14,2.4654
2016/7/15,2.4669
2016/7/18,2.4475
2016/7/19,2.4357
2016/7/20,2.4099
2016/7/21,2.395
2016/7/22,2.3962
2016/7/25,2.3974
2016/7/26,2.4142
2016/7/27,2.4014
2016/7/28,2.3946
2016/7/29,2.3863
2016/8/1,2.385
2016/8/2,2.3541
2016/8/3,2.3497
2016/8/4,2.3395
2016/8/5,2.3311
2016/8/8,2.3297
2016/8/9,2.2991
2016/8/10,2.2881
2016/8/11,2.2972
2016/8/12,2.288
2016/8/15,2.2637
2016/8/16,2.2515
2016/8/17,2.2549
2016/8/18,2.2435
2016/8/19,2.2625
2016/8/22,2.2681
2016/8/23,2.2792
2016/8/24,2.2828
2016/8/25,2.3016
2016/8/26,2.2843
2016/8/29,2.3065
2016/8/30,2.3041
2016/8/31,2.3136
2016/9/1,2.2923
2016/9/2,2.2925
2016/9/5,2.3011
2016/9/6,2.3143
2016/9/7,2.3218
2016/9/8,2.3331
2016/9/9,2.3332
2016/9/12,2.3316
2016/9/13,2.3324
2016/9/14,2.3404
2016/9/20,2.3373
2016/9/21,2.3349
2016/9/22,2.3112
2016/9/23,2.3192
2016/9/26,2.3075
2016/9/27,2.3162
2016/9/28,2.2915
2016/9/29,2.3162
2016/9/30,2.3175
2016/10/10,2.3012
2016/10/11,2.3181
2016/10/12,2.3403
2016/10/13,2.2997
2016/10/14,2.2882
2016/10/17,2.2899
2016/10/18,2.2805
2016/10/19,2.2723
2016/10/20,2.2508
2016/10/21,2.236
2016/10/24,2.2475
2016/10/25,2.2618
2016/10/26,2.277
2016/10/27,2.2906
2016/10/28,2.2915
2016/10/31,2.286
2016/11/1,2.2925
2016/11/2,2.3052
2016/11/3,2.3042
2016/11/4,2.2958
2016/11/7,2.2934
2016/11/8,2.2869
2016/11/9,2.2795
2016/11/10,2.292
2016/11/11,2.2896
2016/11/14,2.2757
2016/11/15,2.3241
2016/11/16,2.3242
2016/11/17,2.3134
2016/11/18,2.3203
2016/11/21,2.3721
2016/11/22,2.317
2016/11/23,2.3476
2016/11/24,2.3656
2016/11/25,2.3774
2016/11/28,2.3878
2016/11/29,2.4062
2016/11/30,2.381
2016/12/1,2.4192
2016/12/2,2.5341
2016/12/5,2.4948
2016/12/6,2.4843
2016/12/7,2.5677
2016/12/8,2.5854
2016/12/9,2.5905
2016/12/12,2.6416
2016/12/13,2.6488
2016/12/14,2.7434
2016/12/15,2.9912
2016/12/16,2.918
2016/12/19,3.1075
2016/12/20,3.0939
2016/12/21,3.0707
2016/12/22,3.0157
2016/12/23,2.9403
2016/12/26,2.9112
2016/12/27,2.8896
2016/12/28,2.8815
2016/12/29,2.7505
2016/12/30,2.6998
2017/1/3,2.7661
2017/1/4,2.8179
2017/1/5,2.8282
2017/1/6,2.8291
2017/1/9,2.8188
2017/1/10,2.7928
2017/1/11,2.8121
2017/1/12,2.7826
2017/1/13,2.7741
2017/1/16,2.7334
2017/1/17,2.7561
2017/1/18,2.758
2017/1/19,2.7388
2017/1/20,2.7441
2017/1/23,2.7282
2017/1/24,2.7428
2017/1/25,2.7807
2017/1/26,2.8092
2017/2/3,2.7841
2017/2/6,2.881
2017/2/7,2.9128
2017/2/8,2.9366
2017/2/9,2.9551
2017/2/10,2.9527
2017/2/13,2.9349
2017/2/14,2.9355
2017/2/15,2.9143
2017/2/16,2.8823
2017/2/17,2.8765
2017/2/20,2.8091
2017/2/21,2.8454
2017/2/22,2.817
2017/2/23,2.812
2017/2/24,2.8075
2017/2/27,2.824
2017/2/28,2.8311
2017/3/1,2.8371
2017/3/2,2.8128
2017/3/3,2.8695
2017/3/6,2.8821
2017/3/7,2.8732
2017/3/8,2.8938
2017/3/9,2.924
2017/3/10,2.9007
2017/3/13,2.8808
2017/3/14,2.8932
2017/3/15,2.8965
2017/3/16,2.8886
2017/3/17,2.9003
2017/3/20,2.9157
2017/3/21,2.9389
2017/3/22,2.9173
2017/3/23,2.9704
2017/3/24,2.9698
2017/3/27,2.9479
2017/3/28,2.9413
2017/3/29,2.9337
2017/3/30,2.9345
2017/3/31,2.9189
2017/4/5,2.9546
2017/4/6,3.0027
2017/4/7,2.9934
2017/4/10,3.0082
2017/4/11,2.9984
2017/4/12,3.0126
2017/4/13,3.0252
2017/4/14,3.0229
2017/4/17,3.0488
2017/4/18,3.0875
2017/4/19,3.1102
2017/4/20,3.1125
2017/4/21,3.1169
2017/4/24,3.1316
2017/4/25,3.1532
2017/4/26,3.1768
2017/4/27,3.2075
2017/4/28,3.2101
2017/5/2,3.1949
2017/5/3,3.2997
2017/5/4,3.3386
2017/5/5,3.4231
2017/5/8,3.4448
2017/5/9,3.4951
2017/5/10,3.5146
2017/5/11,3.5408
2017/5/12,3.5543
2017/5/15,3.567
2017/5/16,3.5779
2017/5/17,3.5895
2017/5/18,3.6312
2017/5/19,3.6259
2017/5/22,3.6653
2017/5/23,3.6657
2017/5/24,3.6423
2017/5/25,3.6356
2017/5/26,3.5997
2017/5/31,3.5526
2017/6/1,3.5722
2017/6/2,3.5807
2017/6/5,3.5896
2017/6/6,3.5842
2017/6/7,3.6051
2017/6/8,3.6071
2017/6/9,3.6411
2017/6/12,3.6404
2017/6/13,3.5882
2017/6/14,3.583
2017/6/15,3.5814
2017/6/16,3.5959
2017/6/19,3.5443
2017/6/20,3.5148
2017/6/21,3.5011
2017/6/22,3.513
2017/6/23,3.5282
2017/6/26,3.5084
2017/6/27,3.4686
2017/6/28,3.4584
2017/6/29,3.4833
2017/6/30,3.4793
2017/7/3,3.5099
2017/7/4,3.4917
2017/7/5,3.4926
2017/7/6,3.4729
2017/7/7,3.4733
2017/7/10,3.4748
2017/7/11,3.478
2017/7/12,3.4767
2017/7/13,3.4707
2017/7/14,3.4705
2017/7/17,3.4626
2017/7/18,3.4793
2017/7/19,3.4771
2017/7/20,3.4588
2017/7/21,3.46
2017/7/24,3.4516
2017/7/25,3.4538
2017/7/26,3.472
2017/7/27,3.4618
2017/7/28,3.4628
2017/7/31,3.445
2017/8/1,3.4655
2017/8/2,3.4475
2017/8/3,3.4362
2017/8/4,3.4285
2017/8/7,3.4268
2017/8/8,3.4275
2017/8/9,3.4179
2017/8/10,3.3984
2017/8/11,3.4131
2017/8/14,3.4
2017/8/15,3.4035
2017/8/16,3.4045
2017/8/17,3.4088
2017/8/18,3.4084
2017/8/21,3.4269
2017/8/22,3.4086
2017/8/23,3.4836
2017/8/24,3.4106
2017/8/25,3.5006
2017/8/28,3.5194
2017/8/29,3.5147
2017/8/30,3.494
2017/8/31,3.5063
2017/9/1,3.522
2017/9/4,3.5061
2017/9/5,3.4942
2017/9/6,3.5602
2017/9/7,3.5353
2017/9/8,3.5107
2017/9/11,3.491
2017/9/12,3.5085
2017/9/13,3.5081
2017/9/14,3.5123
2017/9/15,3.5033
2017/9/18,3.5161
2017/9/19,3.5059
2017/9/20,3.5341
2017/9/21,3.535
2017/9/22,3.5216
2017/9/25,3.5105
2017/9/26,3.5081
2017/9/27,3.5312
2017/9/28,3.5244
2017/9/29,3.4998
2017/10/9,3.5253
2017/10/10,3.5357
2017/10/11,3.535
2017/10/12,3.527
2017/10/13,3.5408
2017/10/16,3.5319
2017/10/17,3.5497
2017/10/18,3.5457
2017/10/19,3.5458
2017/10/20,3.5448
2017/10/23,3.5531
2017/10/24,3.55
2017/10/25,3.546
2017/10/26,3.5929
2017/10/27,3.5683
2017/10/30,3.5796
2017/10/31,3.6582
2017/11/1,3.6144
2017/11/2,3.6417
2017/11/3,3.6422
2017/11/6,3.6491
2017/11/7,3.6491
2017/11/8,3.6318
2017/11/9,3.6522
2017/11/10,3.6594
2017/11/13,3.6714
2017/11/14,3.7036
2017/11/15,3.673
2017/11/16,3.6489
2017/11/17,3.6917
2017/11/20,3.6706
2017/11/21,3.6718
2017/11/22,3.6843
2017/11/23,3.7272
2017/11/24,3.683
2017/11/27,3.7256
2017/11/28,3.7164
2017/11/29,3.713
2017/11/30,3.699
2017/12/1,3.6936
2017/12/4,3.6834
2017/12/5,3.6983
2017/12/6,3.686
2017/12/7,3.7462
2017/12/8,3.7405
2017/12/11,3.7672
2017/12/12,3.7681
2017/12/13,3.7821
2017/12/14,3.7819
2017/12/15,3.7645
2017/12/18,3.7527
2017/12/19,3.7526
2017/12/20,3.7541
2017/12/21,3.7927
2017/12/22,3.7838
2017/12/25,3.7902
2017/12/26,3.7904
2017/12/27,3.7855
2017/12/28,3.7966
2017/12/29,3.7847
2018/1/2,3.7793
2018/1/3,3.698
2018/1/4,3.6972
2018/1/5,3.6416
2018/1/8,3.6143
2018/1/9,3.6143
2018/1/10,3.5996
2018/1/11,3.628
2018/1/12,3.6044
2018/1/15,3.6289
2018/1/16,3.6017
2018/1/17,3.6168
2018/1/18,3.6098
2018/1/19,3.6047
2018/1/22,3.5686
2018/1/23,3.572
2018/1/24,3.5729
2018/1/25,3.5828
2018/1/26,3.5604
2018/1/29,3.5611
2018/1/30,3.5444
2018/1/31,3.5436
2018/2/1,3.5254
2018/2/2,3.5149
2018/2/5,3.5398
2018/2/6,3.5196
2018/2/7,3.5079
2018/2/8,3.5093
2018/2/9,3.5203
2018/2/12,3.5239
2018/2/13,3.5351
2018/2/14,3.5235
2018/2/22,3.5039
2018/2/23,3.5179
2018/2/26,3.4034
2018/2/27,3.3561
2018/2/28,3.4148
2018/3/1,3.3921
2018/3/2,3.3929
2018/3/5,3.4389
2018/3/6,3.4201
2018/3/7,3.4226
2018/3/8,3.4022
2018/3/9,3.4159
2018/3/12,3.4105
2018/3/13,3.4315
2018/3/14,3.4174
2018/3/15,3.4284
2018/3/16,3.4585
2018/3/19,3.4227
2018/3/20,3.4453
2018/3/21,3.3949
2018/3/22,3.4166
2018/3/23,3.4287
2018/3/26,3.4047
2018/3/27,3.4336
2018/3/28,3.4636
2018/3/29,3.4488
2018/3/30,3.4512
2018/4/2,3.4519
2018/4/3,3.4537
2018/4/4,3.4227
2018/4/9,3.3947
2018/4/10,3.3909
2018/4/11,3.3592
2018/4/12,3.3456
2018/4/13,3.2753
2018/4/16,3.3287
2018/4/17,3.2047
2018/4/18,3.1674
2018/4/19,3.0499
2018/4/20,3.1097
2018/4/23,3.1583
2018/4/24,3.1845
2018/4/25,3.1261
2018/4/26,3.1608
2018/4/27,3.1433
2018/5/2,3.2032
2018/5/3,3.1717
2018/5/4,3.1562
2018/5/7,3.141
2018/5/8,3.126
2018/5/9,3.102
2018/5/10,3.0771
2018/5/11,3.0961
2018/5/14,3.1516
2018/5/15,3.1599
2018/5/16,3.1991
2018/5/17,3.1571
2018/5/18,3.1359
2018/5/21,3.1486
2018/5/22,3.2031
2018/5/23,3.1915
2018/5/24,3.2157
2018/5/25,3.2161
2018/5/28,3.2178
2018/5/29,3.2181
2018/5/30,3.2291
2018/5/31,3.2419
2018/6/1,3.2538
2018/6/4,3.2995
2018/6/5,3.3149
2018/6/6,3.3233
2018/6/7,3.328
2018/6/8,3.3636
2018/6/11,3.3628
2018/6/12,3.3641
2018/6/13,3.3547
2018/6/14,3.3339
2018/6/15,3.2912
2018/6/19,3.2898
2018/6/20,3.3379
2018/6/21,3.3484
2018/6/22,3.3694
2018/6/25,3.3384
2018/6/26,3.3436
2018/6/27,3.3436
2018/6/28,3.301
2018/6/29,3.2334
2018/7/2,3.198
2018/7/3,3.219
2018/7/4,3.2054
2018/7/5,3.188
2018/7/6,3.1722
2018/7/9,3.2078
2018/7/10,3.2466
2018/7/11,3.215
2018/7/12,3.1931
2018/7/13,3.205
2018/7/16,3.1449
2018/7/17,3.1428
2018/7/18,3.172
2018/7/19,3.1612
2018/7/20,3.1768
2018/7/23,3.1794
2018/7/24,3.1751
2018/7/25,3.1642
2018/7/26,3.1186
2018/7/27,3.0665
2018/7/30,3.0306
2018/7/31,3.0174
2018/8/1,2.9773
2018/8/2,2.9485
2018/8/3,2.94
2018/8/6,2.9048
2018/8/7,2.7747
2018/8/8,2.841
2018/8/9,2.9082
2018/8/10,2.9895
2018/8/13,3.0568
2018/8/14,3.0361
2018/8/15,3.0071
2018/8/16,3.0635
2018/8/17,3.1013
2018/8/20,3.1319
2018/8/21,3.1674
2018/8/22,3.1688
2018/8/23,3.1501
2018/8/24,3.0961
2018/8/27,3.1047
2018/8/28,3.137
2018/8/29,3.1191
2018/8/30,3.1265
2018/8/31,3.1094
2018/9/3,3.1149
2018/9/4,3.1494
2018/9/5,3.1566
2018/9/6,3.1658
2018/9/7,3.1452
2018/9/10,3.1497
2018/9/11,3.1743
2018/9/12,3.2086
2018/9/13,3.1506
2018/9/14,3.1594
2018/9/17,3.1421
2018/9/18,3.141
2018/9/19,3.1517
2018/9/20,3.2227
2018/9/21,3.2118
2018/9/25,3.211
2018/9/26,3.2015
2018/9/27,3.1957
2018/9/28,3.1661
2018/10/8,3.1575
2018/10/9,3.145
2018/10/10,3.1509
2018/10/11,3.0848
2018/10/12,3.097
2018/10/15,3.0852
2018/10/16,3.0892
2018/10/17,3.1263
2018/10/18,3.0921
2018/10/19,3.0884
2018/10/22,3.1129
2018/10/23,3.1117
2018/10/24,3.1042
2018/10/25,3.0975
2018/10/26,3.079
2018/10/29,3.0486
2018/10/30,3.0889
2018/10/31,3.0464
2018/11/1,3.036
2018/11/2,3.0521
2018/11/5,3.0119
2018/11/6,2.9938
2018/11/7,2.9764
2018/11/8,2.9255
2018/11/9,2.8887
2018/11/12,2.8789
2018/11/13,2.8638
2018/11/14,2.7529
2018/11/15,2.7501
2018/11/16,2.731
2018/11/19,2.7426
2018/11/20,2.7564
2018/11/21,2.7892
2018/11/22,2.7304
2018/11/23,2.7442
2018/11/26,2.7713
2018/11/27,2.7725
2018/11/28,2.7349
2018/11/29,2.7461
2018/11/30,2.7111
2018/12/3,2.7482
2018/12/4,2.7149
2018/12/5,2.6956
2018/12/6,2.6674
2018/12/7,2.6461
2018/12/10,2.6564
2018/12/11,2.6839
2018/12/12,2.6502
2018/12/13,2.6818
2018/12/14,2.7315
2018/12/17,2.6997
2018/12/18,2.7557
2018/12/19,2.7829
2018/12/20,2.7753
2018/12/21,2.7948
2018/12/24,2.781
2018/12/25,2.8202
2018/12/26,2.7854
2018/12/27,2.7793
2018/12/28,2.7941
2019/1/2,2.6799
2019/1/3,2.6405
2019/1/4,2.634
2019/1/7,2.6075
2019/1/8,2.5581
2019/1/9,2.5688
2019/1/10,2.5787
2019/1/11,2.6127
2019/1/14,2.6181
2019/1/15,2.6392
2019/1/16,2.6431
2019/1/17,2.5775
2019/1/18,2.5768
2019/1/21,2.5748
2019/1/22,2.5948
2019/1/23,2.5924
2019/1/24,2.5726
2019/1/25,2.5818
2019/1/28,2.5863
2019/1/29,2.5687
2019/1/30,2.5381
2019/1/31,2.5806
2019/2/1,2.5308
2019/2/11,2.5379
2019/2/12,2.495
2019/2/13,2.4912
2019/2/14,2.5165
2019/2/15,2.5075
2019/2/18,2.5064
2019/2/19,2.5212
2019/2/20,2.5159
2019/2/21,2.5144
2019/2/22,2.5323
2019/2/25,2.5372
2019/2/26,2.5907
2019/2/27,2.6034
2019/2/28,2.6308
2019/3/1,2.6251
2019/3/4,2.6388
2019/3/5,2.6459
2019/3/6,2.6512
2019/3/7,2.682
2019/3/8,2.6458
2019/3/11,2.6068
2019/3/12,2.6274
2019/3/13,2.6619
2019/3/14,2.6555
2019/3/15,2.6259
2019/3/18,2.6261
2019/3/19,2.6206
2019/3/20,2.6466
2019/3/21,2.616
2019/3/22,2.6065
2019/3/25,2.624
2019/3/26,2.6095
2019/3/27,2.5762
2019/3/28,2.567
2019/3/29,2.5761
2019/4/1,2.5974
2019/4/2,2.6413
2019/4/3,2.7236
2019/4/4,2.7468
2019/4/8,2.7119
2019/4/9,2.7148
2019/4/10,2.7537
2019/4/11,2.6978
2019/4/12,2.7412
2019/4/15,2.7928
2019/4/16,2.845
2019/4/17,2.8727
2019/4/18,2.9331
2019/4/19,2.8557
2019/4/22,2.8589
2019/4/23,2.8596
2019/4/24,2.8514
2019/4/25,2.8422
2019/4/26,2.8057
2019/4/29,2.8897
2019/4/30,2.8856
2019/5/6,2.8266
2019/5/7,2.8844
2019/5/8,2.8793
2019/5/9,2.8579
2019/5/10,2.8406
2019/5/13,2.868
2019/5/14,2.8847
2019/5/15,2.8602
2019/5/16,2.8325
2019/5/17,2.8404
2019/5/20,2.8385
2019/5/21,2.8507
2019/5/22,2.8501
2019/5/23,2.8607
2019/5/24,2.8498
2019/5/27,2.8875
2019/5/28,2.914
2019/5/29,2.8389
2019/5/30,2.8287
2019/5/31,2.783
2019/6/3,2.8416
2019/6/4,2.8335
2019/6/5,2.8354
2019/6/6,2.8303
2019/6/10,2.8538
2019/6/11,2.8642
2019/6/12,2.8661
2019/6/13,2.867
2019/6/14,2.8764
2019/6/17,2.856
2019/6/18,2.8539
2019/6/19,2.8491
2019/6/20,2.8178
2019/6/21,2.8038
2019/6/24,2.8339
2019/6/25,2.8289
2019/6/26,2.828
2019/6/27,2.8432
2019/6/28,2.8251
2019/7/1,2.8383
2019/7/2,2.8095
2019/7/3,2.775
2019/7/4,2.7704
2019/7/5,2.7964
2019/7/8,2.8142
2019/7/9,2.8225
2019/7/10,2.813
2019/7/11,2.7901
2019/7/12,2.7907
2019/7/15,2.8068
2019/7/16,2.8053
2019/7/17,2.8084
2019/7/18,2.8025
2019/7/19,2.8024
2019/7/22,2.7953
2019/7/23,2.7929
2019/7/24,2.8113
2019/7/25,2.798
2019/7/26,2.8005
2019/7/29,2.8002
2019/7/30,2.8054
2019/7/31,2.7943
2019/8/1,2.7847
2019/8/2,2.7645
2019/8/5,2.7452
2019/8/6,2.7453
2019/8/7,2.7431
2019/8/8,2.7304
2019/8/9,2.6882
2019/8/12,2.6934
2019/8/13,2.7011
2019/8/14,2.6964
2019/8/15,2.6938
2019/8/16,2.7028
2019/8/19,2.6919
2019/8/20,2.6982
2019/8/21,2.7242
2019/8/22,2.7111
2019/8/23,2.7113
2019/8/26,2.6903
2019/8/27,2.6684
2019/8/28,2.707
2019/8/29,2.69
2019/8/30,2.7183
2019/9/2,2.6942
2019/9/3,2.7372
2019/9/4,2.7332
2019/9/5,2.6976
2019/9/6,2.6904
2019/9/9,2.6826
2019/9/10,2.6892
2019/9/11,2.6861
2019/9/12,2.6869
2019/9/16,2.6867
2019/9/17,2.6826
2019/9/18,2.6728
2019/9/19,2.6681
2019/9/20,2.6479
2019/9/23,2.6541
2019/9/24,2.6567
2019/9/25,2.6449
2019/9/26,2.6587
2019/9/27,2.6497
2019/9/30,2.6665
2019/10/8,2.6733
2019/10/9,2.6647
2019/10/10,2.6697
2019/10/11,2.664
2019/10/14,2.6682
2019/10/15,2.6437
2019/10/16,2.6782
2019/10/17,2.6752
2019/10/18,2.664
2019/10/21,2.6813
2019/10/22,2.7115
2019/10/23,2.7171
2019/10/24,2.7293
2019/10/25,2.7196
2019/10/28,2.7301
2019/10/29,2.7457
2019/10/30,2.8111
2019/10/31,2.7846
2019/11/1,2.7771
2019/11/4,2.7639
2019/11/5,2.739
2019/11/6,2.7923
2019/11/7,2.7593
2019/11/8,2.7803
2019/11/11,2.7823
2019/11/12,2.7971
2019/11/13,2.7909
2019/11/14,2.7941
2019/11/15,2.7803
2019/11/18,2.7616
2019/11/19,2.7433
2019/11/20,2.7482
2019/11/21,2.718
2019/11/22,2.7304
2019/11/25,2.7495
2019/11/26,2.7443
2019/11/27,2.7436
2019/11/28,2.7356
2019/11/29,2.7544
2019/12/2,2.7623
2019/12/3,2.7467
2019/12/4,2.7429
2019/12/5,2.7381
2019/12/6,2.7453
2019/12/9,2.7439
2019/12/10,2.7189
2019/12/11,2.7294
2019/12/12,2.7037
2019/12/13,2.7114
2019/12/16,2.7137
2019/12/17,2.7341
2019/12/18,2.7091
2019/12/19,2.699
2019/12/20,2.6843
2019/12/23,2.66
2019/12/24,2.6427
2019/12/25,2.63
2019/12/26,2.6242
2019/12/27,2.5864
2019/12/30,2.6131
2019/12/31,2.5347
2020/1/2,2.542
2020/1/3,2.5731
2020/1/6,2.5391
2020/1/7,2.5178
2020/1/8,2.4872
2020/1/9,2.5107
2020/1/10,2.4966
2020/1/13,2.5018
2020/1/14,2.4989
2020/1/15,2.5167
2020/1/16,2.4694
2020/1/17,2.5034
2020/1/20,2.4538
2020/1/21,2.4235
2020/1/22,2.4528
2020/1/23,2.4633
2020/2/3,2.2152
2020/2/4,2.2803
2020/2/5,2.2949
2020/2/6,2.275
2020/2/7,2.2794
2020/2/10,2.2222
2020/2/11,2.2628
2020/2/12,2.2792
2020/2/13,2.3005
2020/2/14,2.3046
2020/2/17,2.3083
2020/2/18,2.2978
2020/2/19,2.2947
2020/2/20,2.252
2020/2/21,2.2248
2020/2/24,2.2258
2020/2/25,2.2334
2020/2/26,2.2209
2020/2/27,2.2317
2020/2/28,2.1758
2020/3/2,2.2269
2020/3/3,2.2794
2020/3/4,2.1644
2020/3/5,2.197
2020/3/6,2.1354
2020/3/9,2.0674
2020/3/10,2.0914
2020/3/11,2.1261
2020/3/12,2.1473
2020/3/13,2.1671
2020/3/16,2.1396
2020/3/17,2.1462
2020/3/18,2.1369
2020/3/19,2.0613
2020/3/20,2.0545
2020/3/23,2.0103
2020/3/24,2.0099
2020/3/25,1.9316
2020/3/26,1.8754
2020/3/27,1.9174
2020/3/30,1.9299
2020/3/31,1.8705
2020/4/1,1.7763
2020/4/2,1.8124
2020/4/3,1.7841
2020/4/7,1.5871
2020/4/8,1.4234
2020/4/9,1.4109
2020/4/10,1.5032
2020/4/13,1.5275
2020/4/14,1.4582
2020/4/15,1.4242
2020/4/16,1.3911
2020/4/17,1.3875
2020/4/20,1.372
2020/4/21,1.3331
2020/4/22,1.3526
2020/4/23,1.2701
2020/4/24,1.2757
2020/4/27,1.2405
2020/4/28,1.2469
2020/4/29,1.2768
2020/4/30,1.2713
2020/5/6,1.3183
2020/5/7,1.3196
2020/5/8,1.3515
2020/5/11,1.3978
2020/5/12,1.3833
2020/5/13,1.3992
2020/5/14,1.3831
2020/5/15,1.4331
2020/5/18,1.3918
2020/5/19,1.4176
2020/5/20,1.4736
2020/5/21,1.4973
2020/5/22,1.4526
2020/5/25,1.5139
2020/5/26,1.5741
2020/5/27,1.7917
2020/5/28,1.8123
2020/5/29,1.8418
2020/6/1,1.8099
2020/6/2,1.8979
2020/6/3,2.059
2020/6/4,2.197
2020/6/5,2.2436
2020/6/8,2.1706
2020/6/9,2.0807
2020/6/10,2.2027
2020/6/11,2.2374
2020/6/12,2.2208
2020/6/15,2.2194
2020/6/16,2.2744
2020/6/17,2.309
2020/6/18,2.2601
2020/6/19,2.2833
2020/6/22,2.3044
2020/6/23,2.3539
2020/6/24,2.318
2020/6/29,2.2403
2020/6/30,2.2183
2020/7/1,2.2435
2020/7/2,2.2284
2020/7/3,2.2438
2020/7/6,2.437
2020/7/7,2.4422
2020/7/8,2.4984
2020/7/9,2.5096
2020/7/10,2.5013
2020/7/13,2.5249
2020/7/14,2.5263
2020/7/15,2.4722
2020/7/16,2.4514
2020/7/17,2.4312
2020/7/20,2.4178
2020/7/21,2.3884
2020/7/22,2.3949
2020/7/23,2.3786
2020/7/24,2.3663
2020/7/27,2.3772
2020/7/28,2.4071
2020/7/29,2.4182
2020/7/30,2.4461
2020/7/31,2.4649
2020/8/3,2.4949
2020/8/4,2.5142
2020/8/5,2.5746
2020/8/6,2.5965
2020/8/7,2.601
2020/8/10,2.5856
2020/8/11,2.5907
2020/8/12,2.6288
2020/8/13,2.6039
2020/8/14,2.5962
2020/8/17,2.5906
2020/8/18,2.5884
2020/8/19,2.6366
2020/8/20,2.6581
2020/8/21,2.6572
2020/8/24,2.6533
2020/8/25,2.7384
2020/8/26,2.7471
2020/8/27,2.7832
2020/8/28,2.7926
2020/8/31,2.7734
2020/9/1,2.784
2020/9/2,2.8242
2020/9/3,2.8585
2020/9/4,2.8838
2020/9/7,2.9101
2020/9/8,2.8899
2020/9/9,2.8573
2020/9/10,2.7757
2020/9/11,2.8057
2020/9/14,2.8298
2020/9/15,2.7543
2020/9/16,2.7353
2020/9/17,2.7494
2020/9/18,2.7315
2020/9/21,2.7062
2020/9/22,2.7214
2020/9/23,2.7197
2020/9/24,2.7374
2020/9/25,2.7564
2020/9/28,2.7774
2020/9/29,2.7859
2020/9/30,2.8
2020/10/9,2.8831
2020/10/12,2.8735
2020/10/13,2.8651
2020/10/14,2.9014
2020/10/15,2.9114
2020/10/16,2.9117
2020/10/19,2.8993
2020/10/20,2.9089
2020/10/21,2.8818
2020/10/22,2.8281
2020/10/23,2.86
2020/10/26,2.8773
2020/10/27,2.875
2020/10/28,2.8703
2020/10/29,2.8698
2020/10/30,2.8691
2020/11/2,2.8698
2020/11/3,2.8622
2020/11/4,2.8682
2020/11/5,2.8837
2020/11/6,2.9208
2020/11/9,2.9247
2020/11/10,2.9258
2020/11/11,2.9417
2020/11/12,2.9529
2020/11/13,2.9945
2020/11/16,2.9789
2020/11/17,2.9976
2020/11/18,3.0547
2020/11/19,3.0831
2020/11/20,3.1182
2020/11/23,3.0753
2020/11/24,3.0984
2020/11/25,3.0678
2020/11/26,3.0564
2020/11/27,3.0606
2020/11/30,2.9612
2020/12/1,2.9781
2020/12/2,3.0173
2020/12/3,3.0233
2020/12/4,3.0015
2020/12/7,3.0116
2020/12/8,2.9897
2020/12/9,2.9805
2020/12/10,2.9337
2020/12/11,2.9679
2020/12/14,2.9698
2020/12/15,2.9332
2020/12/16,2.8861
2020/12/17,2.8743
2020/12/18,2.8918
2020/12/21,2.843
2020/12/22,2.8133
2020/12/23,2.7797
2020/12/24,2.7899
2020/12/25,2.7657
2020/12/28,2.7514
2020/12/29,2.7425
2020/12/30,2.7162
2020/12/31,2.6991
2021/1/4,2.7247
2021/1/5,2.73
2021/1/6,2.7007
2021/1/7,2.6441
2021/1/8,2.621
2021/1/11,2.6298
2021/1/12,2.5904
2021/1/13,2.5496
2021/1/14,2.6006
2021/1/15,2.6574
2021/1/18,2.7075
2021/1/19,2.7178
2021/1/20,2.6785
2021/1/21,2.6493
2021/1/22,2.6522
2021/1/25,2.6637
2021/1/26,2.7429
2021/1/27,2.7508
2021/1/28,2.794
2021/1/29,2.8124
2021/2/1,2.7817
2021/2/2,2.7576
2021/2/3,2.8065
2021/2/4,2.8357
2021/2/5,2.837
2021/2/8,2.8268
2021/2/9,2.8063
2021/2/10,2.7703
2021/2/18,2.824
2021/2/19,2.8102
2021/2/22,2.7857
2021/2/23,2.7771
2021/2/24,2.7584
2021/2/25,2.7683
2021/2/26,2.7897
2021/3/1,2.7858
2021/3/2,2.7864
2021/3/3,2.8145
2021/3/4,2.8324
2021/3/5,2.83
2021/3/8,2.8263
2021/3/9,2.8516
2021/3/10,2.8514
2021/3/11,2.8514
2021/3/12,2.8628
2021/3/15,2.8742
2021/3/16,2.8639
2021/3/17,2.8536
2021/3/18,2.8439
2021/3/19,2.8533
2021/3/22,2.8166
2021/3/23,2.8163
2021/3/24,2.7865
2021/3/25,2.7769
2021/3/26,2.7968
2021/3/29,2.7806
2021/3/30,2.7876
2021/3/31,2.7956
2021/4/1,2.7594
2021/4/2,2.7342
2021/4/6,2.7519
2021/4/7,2.744
2021/4/8,2.7991
2021/4/9,2.8115
2021/4/12,2.7914
2021/4/13,2.7712
2021/4/14,2.7614
2021/4/15,2.7616
2021/4/16,2.7275
2021/4/19,2.7251
2021/4/20,2.7139
2021/4/21,2.7105
2021/4/22,2.7042
2021/4/23,2.7007
2021/4/26,2.689
2021/4/27,2.6729
2021/4/28,2.6538
2021/4/29,2.664
2021/4/30,2.6568
2021/5/6,2.6398
2021/5/7,2.6147
2021/5/10,2.5971
2021/5/11,2.5774
2021/5/12,2.5604
2021/5/13,2.5741
2021/5/14,2.5988
2021/5/17,2.6012
2021/5/18,2.6211
2021/5/19,2.6179
2021/5/20,2.5974
2021/5/21,2.5779
2021/5/24,2.5794
2021/5/25,2.6168
2021/5/26,2.6034
2021/5/27,2.6084
2021/5/28,2.6187
2021/5/31,2.6435
2021/6/1,2.6443
2021/6/2,2.6604
2021/6/3,2.6543
2021/6/4,2.6655
2021/6/7,2.6999
2021/6/8,2.7229
2021/6/9,2.7344
2021/6/10,2.7449
2021/6/11,2.75
2021/6/15,2.7539
2021/6/16,2.754
2021/6/17,2.756
2021/6/18,2.75
2021/6/21,2.743
2021/6/22,2.734
2021/6/23,2.723
2021/6/24,2.69
2021/6/25,2.676
2021/6/28,2.665
2021/6/29,2.6701
2021/6/30,2.65
2021/7/1,2.66
2021/7/2,2.655
2021/7/5,2.655
2021/7/6,2.634
2021/7/7,2.633
2021/7/8,2.588
2021/7/9,2.5865
2021/7/12,2.55
2021/7/13,2.523
2021/7/14,2.51
2021/7/15,2.52
2021/7/16,2.512
2021/7/19,2.49
2021/7/20,2.496
2021/7/21,2.486
2021/7/22,2.5
2021/7/23,2.49
2021/7/26,2.4599
2021/7/27,2.4654
2021/7/28,2.4799
2021/7/29,2.4699
2021/7/30,2.4698
2021/8/2,2.4299
2021/8/3,2.4339
2021/8/4,2.46
2021/8/5,2.4868
2021/8/6,2.4679
2021/8/9,2.5049
2021/8/10,2.5299
2021/8/11,2.5099
2021/8/12,2.5298
2021/8/13,2.5379
2021/8/16,2.5298
2021/8/17,2.5298
2021/8/18,2.5228
2021/8/19,2.49
2021/8/20,2.5
2021/8/23,2.521
2021/8/24,2.5
2021/8/25,2.498
2021/8/26,2.51
2021/8/27,2.5299
2021/8/30,2.4999
2021/8/31,2.48
2021/9/1,2.4798
2021/9/2,2.4699
2021/9/3,2.4699
2021/9/6,2.4699
2021/9/7,2.5
2021/9/8,2.52
2021/9/9,2.52
2021/9/10,2.53
2021/9/13,2.52
2021/9/14,2.554
2021/9/15,2.53
2021/9/16,2.55
2021/9/17,2.54
2021/9/22,2.52
2021/9/23,2.52
2021/9/24,2.51
2021/9/27,2.51
2021/9/28,2.52
2021/9/29,2.51
2021/9/30,2.5
2021/10/8,2.52
2021/10/11,2.54
2021/10/12,2.55
2021/10/13,2.57
2021/10/14,2.57
2021/10/15,2.57
2021/10/18,2.59
2021/10/19,2.64
2021/10/20,2.64
2021/10/21,2.62
2021/10/22,2.58
2021/10/25,2.56
2021/10/26,2.58
2021/10/27,2.59
2021/10/28,2.58
2021/10/29,2.58
2021/11/1,2.59
2021/11/2,2.57
2021/11/3,2.56
2021/11/4,2.55
2021/11/5,2.52
2021/11/8,2.51
2021/11/9,2.53
2021/11/10,2.48
2021/11/11,2.51
2021/11/12,2.52
2021/11/15,2.53
2021/11/16,2.53
2021/11/17,2.53
2021/11/18,2.49
2021/11/19,2.51
2021/11/22,2.5
2021/11/23,2.47
2021/11/24,2.46
2021/11/25,2.48
2021/11/26,2.48
2021/11/29,2.48
2021/11/30,2.49
2021/12/1,2.5
2021/12/2,2.51
2021/12/3,2.52
2021/12/6,2.51
2021/12/7,2.5
2021/12/8,2.51
2021/12/9,2.53
2021/12/10,2.52
2021/12/13,2.5
2021/12/14,2.5
2021/12/15,2.48
2021/12/16,2.48
2021/12/17,2.47
2021/12/20,2.5
2021/12/21,2.51
2021/12/22,2.49
2021/12/23,2.47
2021/12/24,2.47
2021/12/27,2.48
2021/12/28,2.47
2021/12/29,2.45
2021/12/30,2.42
2021/12/31,2.39
2022/1/4,2.38
2022/1/5,2.34
2022/1/6,2.38
2022/1/7,2.4
2022/1/10,2.38
2022/1/11,2.38
2022/1/12,2.34
2022/1/13,2.34
2022/1/14,2.36
2022/1/17,2.35
2022/1/18,2.31
2022/1/19,2.24
2022/1/20,2.21
2022/1/21,2.2
2022/1/24,2.15
2022/1/25,2.14
2022/1/26,2.17
2022/1/27,2.18
2022/1/28,2.17
2022/2/7,2.12
2022/2/8,2.13
2022/2/9,2.16
2022/2/10,2.18
2022/2/11,2.23
2022/2/14,2.25
2022/2/15,2.27
2022/2/16,2.28
2022/2/17,2.26
2022/2/18,2.26
2022/2/21,2.28
2022/2/22,2.31
2022/2/23,2.31
2022/2/24,2.3
2022/2/25,2.29
2022/2/28,2.25
2022/3/1,2.28
2022/3/2,2.3
2022/3/3,2.32
2022/3/4,2.32
2022/3/7,2.29
2022/3/8,2.27
2022/3/9,2.29
2022/3/10,2.29
2022/3/11,2.3
2022/3/14,2.25
2022/3/15,2.29
2022/3/16,2.33
2022/3/17,2.34
2022/3/18,2.3
2022/3/21,2.33
2022/3/22,2.35
2022/3/23,2.35
2022/3/24,2.35
2022/3/25,2.34
2022/3/28,2.35
2022/3/29,2.35
2022/3/30,2.34
2022/3/31,2.33
2022/4/1,2.3
2022/4/6,2.26
2022/4/7,2.25
2022/4/8,2.25
2022/4/11,2.26
2022/4/12,2.28
2022/4/13,2.31
2022/4/14,2.27
2022/4/15,2.25
2022/4/18,2.27
2022/4/19,2.28
2022/4/20,2.29
2022/4/21,2.29
2022/4/22,2.3
2022/4/25,2.3
2022/4/26,2.3
2022/4/27,2.33
2022/4/28,2.33
2022/4/29,2.32
2022/5/5,2.32
2022/5/6,2.27
2022/5/9,2.27
2022/5/10,2.25
2022/5/11,2.27
2022/5/12,2.24
2022/5/13,2.23
2022/5/16,2.24
2022/5/17,2.21
2022/5/18,2.17
2022/5/19,2.17
2022/5/20,2.19
2022/5/23,2.19
2022/5/24,2.2
2022/5/25,2.21
2022/5/26,2.16
2022/5/27,2.16
2022/5/30,2.18
2022/5/31,2.2
2022/6/1,2.21
2022/6/2,2.22
2022/6/6,2.26
2022/6/7,2.27
2022/6/8,2.25
2022/6/9,2.24
2022/6/10,2.22
2022/6/13,2.23
2022/6/14,2.24
2022/6/15,2.25
2022/6/16,2.25
2022/6/17,2.23
2022/6/20,2.25
2022/6/21,2.27
2022/6/22,2.26
2022/6/23,2.26
2022/6/24,2.27
2022/6/27,2.3
2022/6/28,2.32
2022/6/29,2.35
2022/6/30,2.32
2022/7/1,2.29
2022/7/4,2.33
2022/7/5,2.32
2022/7/6,2.31
2022/7/7,2.33
2022/7/8,2.33
2022/7/11,2.31
2022/7/12,2.29
2022/7/13,2.28
2022/7/14,2.26
2022/7/15,2.24
2022/7/18,2.23
2022/7/19,2.23
2022/7/20,2.23
2022/7/21,2.21
2022/7/22,2.21
2022/7/25,2.21
2022/7/26,2.18
2022/7/27,2.17
2022/7/28,2.19
2022/7/29,2.15
2022/8/1,2.12
2022/8/2,2.1
2022/8/3,2.08
2022/8/4,2.08
2022/8/5,2.09
2022/8/8,2.1
2022/8/9,2.16
2022/8/10,2.17
2022/8/11,2.19
2022/8/12,2.18
2022/8/15,2.04
2022/8/16,2.03
2022/8/17,2.05
2022/8/18,2.05
2022/8/19,2.06
2022/8/22,2.08
2022/8/23,2.11
2022/8/24,2.12
2022/8/25,2.13
2022/8/26,2.15
2022/8/29,2.14
2022/8/30,2.1
2022/8/31,2.09
2022/9/1,2.09
2022/9/2,2.07
2022/9/5,2.06
2022/9/6,2.06
2022/9/7,2.05
2022/9/8,2.06
2022/9/9,2.05
2022/9/13,2.07
2022/9/14,2.09
2022/9/15,2.09
2022/9/16,2.1
2022/9/19,2.1
2022/9/20,2.1
2022/9/21,2.08
2022/9/22,2.08
2022/9/23,2.09
2022/9/26,2.1
2022/9/27,2.09
2022/9/28,2.11
2022/9/29,2.12
2022/9/30,2.12
2022/10/10,2.09
2022/10/11,2.1
2022/10/12,2.07
2022/10/13,2.06
2022/10/14,2.06
2022/10/17,2.07
2022/10/18,2.06
2022/10/19,2.06
2022/10/20,2.09
2022/10/21,2.08
2022/10/24,2.1
2022/10/25,2.11
2022/10/26,2.11
2022/10/27,2.09
2022/10/28,2.08
2022/10/31,2.07
2022/11/1,2.08
2022/11/2,2.1
2022/11/3,2.1
2022/11/4,2.1
2022/11/7,2.11
2022/11/8,2.14
2022/11/9,2.15
2022/11/10,2.17
2022/11/11,2.22
2022/11/14,2.32
2022/11/15,2.34
2022/11/16,2.38
2022/11/17,2.37
2022/11/18,2.32
2022/11/21,2.31
2022/11/22,2.31
2022/11/23,2.31
2022/11/24,2.26
2022/11/25,2.3
2022/11/28,2.31
2022/11/29,2.35
2022/11/30,2.36
2022/12/1,2.36
2022/12/2,2.34
2022/12/5,2.35
2022/12/6,2.37
2022/12/7,2.39
2022/12/8,2.39
2022/12/9,2.42
2022/12/12,2.43
2022/12/13,2.47
2022/12/14,2.42
2022/12/15,2.39
2022/12/16,2.41
2022/12/19,2.39
2022/12/20,2.38
2022/12/21,2.39
2022/12/22,2.37
2022/12/23,2.33
2022/12/26,2.35
2022/12/27,2.36
2022/12/28,2.41
2022/12/29,2.36
2022/12/30,2.34
2023/1/3,2.33
2023/1/4,2.29
2023/1/5,2.31
2023/1/6,2.34
2023/1/9,2.36
2023/1/10,2.39
2023/1/11,2.39
2023/1/12,2.35
2023/1/13,2.36
2023/1/16,2.39
2023/1/17,2.4
2023/1/18,2.4
2023/1/19,2.41
2023/1/20,2.41
2023/1/30,2.42
2023/1/31,2.43
2023/2/1,2.43
2023/2/2,2.42
2023/2/3,2.41
2023/2/6,2.42
2023/2/7,2.44
2023/2/8,2.44
2023/2/9,2.46
2023/2/10,2.44
2023/2/13,2.44
2023/2/14,2.44
2023/2/15,2.45
2023/2/16,2.45
2023/2/17,2.45
2023/2/20,2.46
2023/2/21,2.49
2023/2/22,2.49
2023/2/23,2.49
2023/2/24,2.5
2023/2/27,2.51
2023/2/28,2.51
2023/3/1,2.49
2023/3/2,2.48
2023/3/3,2.48
2023/3/6,2.45
2023/3/7,2.45
2023/3/8,2.43
2023/3/9,2.43
2023/3/10,2.43
2023/3/13,2.43
2023/3/14,2.44
2023/3/15,2.45
2023/3/16,2.43
2023/3/17,2.42
2023/3/20,2.38
2023/3/21,2.39
2023/3/22,2.4
2023/3/23,2.4
2023/3/24,2.41
2023/3/27,2.4
2023/3/28,2.4
2023/3/29,2.41
2023/3/30,2.41
2023/3/31,2.39
2023/4/3,2.4
2023/4/4,2.39
2023/4/6,2.4
2023/4/7,2.41
2023/4/10,2.4
2023/4/11,2.39
2023/4/12,2.4
2023/4/13,2.39
2023/4/14,2.4
2023/4/17,2.4
2023/4/18,2.39
2023/4/19,2.4
2023/4/20,2.41
2023/4/21,2.39
2023/4/24,2.4
2023/4/25,2.4
2023/4/26,2.39
2023/4/27,2.34
2023/4/28,2.33
2023/5/4,2.32
2023/5/5,2.29
2023/5/8,2.3
2023/5/9,2.29
2023/5/10,2.27
2023/5/11,2.25
2023/5/12,2.25
2023/5/15,2.26
2023/5/16,2.27
2023/5/17,2.27
2023/5/18,2.28
2023/5/19,2.27
2023/5/22,2.23
2023/5/23,2.18
2023/5/24,2.2
2023/5/25,2.22
2023/5/26,2.24
2023/5/29,2.24
2023/5/30,2.22
2023/5/31,2.2
2023/6/1,2.19
2023/6/2,2.19
2023/6/5,2.18
2023/6/6,2.16
2023/6/7,2.12
2023/6/8,2.13
2023/6/9,2.13
2023/6/12,2.14
2023/6/13,2.13
2023/6/14,2.14
2023/6/15,2.16
2023/6/16,2.19
2023/6/19,2.21
2023/6/20,2.19
2023/6/21,2.18
2023/6/26,2.19
2023/6/27,2.18
2023/6/28,2.17
2023/6/29,2.16
2023/6/30,2.13
2023/7/3,2.14
2023/7/4,2.12
2023/7/5,2.13
2023/7/6,2.13
2023/7/7,2.1
2023/7/10,2.11
2023/7/11,2.11
2023/7/12,2.12
2023/7/13,2.13
2023/7/14,2.13
2023/7/17,2.11
2023/7/18,2.1
2023/7/19,2.11
2023/7/20,2.12
2023/7/21,2.12
2023/7/24,2.1
2023/7/25,2.15
2023/7/26,2.14
2023/7/27,2.12
2023/7/28,2.13
2023/7/31,2.15
2023/8/1,2.13
2023/8/2,2.13
2023/8/3,2.1
2023/8/4,2.1
2023/8/7,2.12
2023/8/8,2.12
2023/8/9,2.13
2023/8/10,2.14
2023/8/11,2.13
2023/8/14,2.13
2023/8/15,2.12
2023/8/16,2.1
2023/8/17,2.12
2023/8/18,2.1
2023/8/21,2.1
2023/8/22,2.1
2023/8/23,2.11
2023/8/24,2.11
2023/8/25,2.13
2023/8/28,2.16
2023/8/29,2.18
2023/8/30,2.14
2023/8/31,2.11
2023/9/1,2.16
2023/9/4,2.18
2023/9/5,2.18
2023/9/6,2.23
2023/9/7,2.26
2023/9/8,2.24
2023/9/11,2.26
2023/9/12,2.25
2023/9/13,2.23
2023/9/14,2.22
2023/9/15,2.25
2023/9/18,2.28
2023/9/19,2.29
2023/9/20,2.29
2023/9/21,2.28
2023/9/22,2.27
2023/9/25,2.29
2023/9/26,2.31
2023/9/27,2.31
2023/9/28,2.26
2023/10/9,2.3
2023/10/10,2.33
2023/10/11,2.39
2023/10/12,2.37
2023/10/13,2.36
2023/10/16,2.37
2023/10/17,2.39
2023/10/18,2.42
2023/10/19,2.45
2023/10/20,2.43
2023/10/23,2.4
2023/10/24,2.42
2023/10/25,2.36
2023/10/26,2.37
2023/10/27,2.38
2023/10/30,2.37
2023/10/31,2.35
2023/11/1,2.38
2023/11/2,2.36
2023/11/3,2.37
